"id","building_id","name","name_short","type_id","working_capacity","total_capacity"
"1d47f27b-a148-4f4a-be28-323283146cbb","16f8b5a1-2dc9-4a41-a8ec-d0b02714a19f","102 (УЛК-10)","102 (УЛК-10)","5ffba766-5594-40bc-81e6-e59035c1d555",22,22
"4619a579-6a2f-4d4f-b0a3-0b803e2aac95","16f8b5a1-2dc9-4a41-a8ec-d0b02714a19f","103 (УЛК-10)","103 (УЛК-10)","403564e3-f242-4a49-aeb5-e6d3289e18a4",26,26
"4c5c4597-28be-4251-aaf8-e382b0f88ee3","16f8b5a1-2dc9-4a41-a8ec-d0b02714a19f","105 (УЛК-10)","105 (УЛК-10)","5ffba766-5594-40bc-81e6-e59035c1d555",24,24
"9ceb7240-8dd7-4c5f-8ad5-b6b2b40ad88c","16f8b5a1-2dc9-4a41-a8ec-d0b02714a19f","107 (УЛК-10)","107 (УЛК-10)","403564e3-f242-4a49-aeb5-e6d3289e18a4",26,26
"991db426-0d9c-re11-83db-7d8694db75qe","16f8b5a1-2dc9-4a41-a8ec-d0b02714a19f","111 (УЛК-10)","111 (УЛК-10)","5ffba766-5594-40bc-81e6-e59035c1d555",40,40
"546db426-0d9c-re11-83db-7d8694db7545","16f8b5a1-2dc9-4a41-a8ec-d0b02714a19f","113 (УЛК-10)","113 (УЛК-10)","5ffba766-5594-40bc-81e6-e59035c1d555",40,40
ddef1db9-16a2-4f7d-8885-4f205447b1b4,"16f8b5a1-2dc9-4a41-a8ec-d0b02714a19f","202 (УЛК-10)","202 (УЛК-10)",beedcbb8-0499-4069-9368-5018a2c706ff,0,0
e6841da8-fe5b-44c1-b02b-3a4dfe3e5089,"16f8b5a1-2dc9-4a41-a8ec-d0b02714a19f","203а (УЛК-10)","203а (УЛК-10)","403564e3-f242-4a49-aeb5-e6d3289e18a4",21,21
"216c8813-f5fb-4ec6-946d-08d37bec6420","16f8b5a1-2dc9-4a41-a8ec-d0b02714a19f","203 (УЛК-10)","203 (УЛК-10)","5ffba766-5594-40bc-81e6-e59035c1d555",36,36
"61f42534-5473-412b-825f-89424f14c5b1","16f8b5a1-2dc9-4a41-a8ec-d0b02714a19f","204 (УЛК-10)","204 (УЛК-10)",b762553c-a9f2-4cfc-b51a-5802a745043d,0,0
"2692339c-ef2e-4a94-9709-d837dd117b78","16f8b5a1-2dc9-4a41-a8ec-d0b02714a19f","205 (УЛК-10)","205 (УЛК-10)","5ffba766-5594-40bc-81e6-e59035c1d555",70,70
c98889bc-4c20-4da4-a141-da10891012d5,"16f8b5a1-2dc9-4a41-a8ec-d0b02714a19f","206 (УЛК-10)","206 (УЛК-10)",dc6f1e93-3e6e-4087-be33-ab94f32ef968,32,32
"873f36f6-eb83-49ef-b0e9-ca89ce914de7","16f8b5a1-2dc9-4a41-a8ec-d0b02714a19f","207 (УЛК-10)","207 (УЛК-10)",dc6f1e93-3e6e-4087-be33-ab94f32ef968,35,35
ab846ace-9977-4cd6-a254-0891be7c7c94,"16f8b5a1-2dc9-4a41-a8ec-d0b02714a19f","208 (УЛК-10)","208 (УЛК-10)",dc6f1e93-3e6e-4087-be33-ab94f32ef968,21,21
"86baec50-a08b-4d52-b25b-1e67b5bf3a3d","16f8b5a1-2dc9-4a41-a8ec-d0b02714a19f","303 (УЛК-10)","303 (УЛК-10)","1d7a2325-88b2-4b64-861b-3bef3cc2e746",50,50
"7c5aba5e-9037-468c-9a60-43612f109eff","16f8b5a1-2dc9-4a41-a8ec-d0b02714a19f","304 (УЛК-10)","304 (УЛК-10)",f7a96ca5-00e8-4e8d-b1d4-02eba53c7ab7,0,0
"5675239c-050c-445d-ab23-770f23bc1c6d","16f8b5a1-2dc9-4a41-a8ec-d0b02714a19f","305 (УЛК-10)","305 (УЛК-10)","5ffba766-5594-40bc-81e6-e59035c1d555",64,64
"0ced849c-d438-40eb-9c1f-f6fe14c08ff2","16f8b5a1-2dc9-4a41-a8ec-d0b02714a19f","306 (УЛК-10)","306 (УЛК-10)","403564e3-f242-4a49-aeb5-e6d3289e18a4",52,52
ecc268c3-f98f-4175-bfe7-cd06f361818f,"16f8b5a1-2dc9-4a41-a8ec-d0b02714a19f","307 (УЛК-10)","307 (УЛК-10)","5ffba766-5594-40bc-81e6-e59035c1d555",34,34
f7822850-3ee3-4764-a2ce-108b01549469,"16f8b5a1-2dc9-4a41-a8ec-d0b02714a19f","308 (УЛК-10)","308 (УЛК-10)","5ffba766-5594-40bc-81e6-e59035c1d555",32,32
f24f2fa6-ed86-465a-a4e6-59a82324a2d7,"16f8b5a1-2dc9-4a41-a8ec-d0b02714a19f","400 (УЛК-10)","400 (УЛК-10)","5ffba766-5594-40bc-81e6-e59035c1d555",27,27
"68dd6d9f-1046-4c16-a10b-fb295fb8fb0b","16f8b5a1-2dc9-4a41-a8ec-d0b02714a19f","401 (УЛК-10)","401 (УЛК-10)","37266c20-4ec2-4758-96cf-b042c8b2016a",16,16
"190bdf51-eb90-4c03-b0af-876f78a51805","16f8b5a1-2dc9-4a41-a8ec-d0b02714a19f","402 (УЛК-10)","402 (УЛК-10)","403564e3-f242-4a49-aeb5-e6d3289e18a4",26,26
"4ddece91-af2d-4e0e-babc-e898c4b661f7","16f8b5a1-2dc9-4a41-a8ec-d0b02714a19f","404 (УЛК-10)","404 (УЛК-10)","403564e3-f242-4a49-aeb5-e6d3289e18a4",28,28
b42db806-c8d9-4ca6-884d-1d792128e9da,"16f8b5a1-2dc9-4a41-a8ec-d0b02714a19f","405 (УЛК-10)","405 (УЛК-10)","5ffba766-5594-40bc-81e6-e59035c1d555",120,120
"6fd8f8fb-e70f-4635-9a26-2d588cb82952","16f8b5a1-2dc9-4a41-a8ec-d0b02714a19f","406 (УЛК-10)","406 (УЛК-10)","5ffba766-5594-40bc-81e6-e59035c1d555",80,80
e56969fe-90bb-4e66-8ee0-4dd735f13c24,"16f8b5a1-2dc9-4a41-a8ec-d0b02714a19f","407 (УЛК-10)","407 (УЛК-10)","26c8fa3a-eca8-43d8-b546-b1d2bf72e916",0,0
"98ec7a6a-ae4f-4964-ab6b-302f53eb45f1","16f8b5a1-2dc9-4a41-a8ec-d0b02714a19f","500 (УЛК-10)","500 (УЛК-10)","463651c6-bcbc-49ce-a39f-15c0b81eca4b",0,0
"0e0d6453-7dac-4917-9317-d338f9c208b7","16f8b5a1-2dc9-4a41-a8ec-d0b02714a19f","501 (УЛК-10)","501 (УЛК-10)","5ffba766-5594-40bc-81e6-e59035c1d555",37,37
"442ea72d-348e-4e74-9742-ce187ab8aeb1","16f8b5a1-2dc9-4a41-a8ec-d0b02714a19f","502 (УЛК-10)","502 (УЛК-10)","37266c20-4ec2-4758-96cf-b042c8b2016a",20,20
"19f74bb8-25aa-4e86-a57e-b9daff615768","16f8b5a1-2dc9-4a41-a8ec-d0b02714a19f","503а (УЛК-10)","503а (УЛК-10)","1006459a-484c-4e25-a53e-82231871d92f",0,0
f63d7c61-6b0d-452a-ac9b-b6f0136d5e25,"16f8b5a1-2dc9-4a41-a8ec-d0b02714a19f","503 (УЛК-10)","503 (УЛК-10)",ff94baaf-8b25-4e54-80a0-a58bf4a5fcb8,0,0
e1c6029b-5df1-4436-9307-1315b1ba6bef,"16f8b5a1-2dc9-4a41-a8ec-d0b02714a19f","504 (УЛК-10)","504 (УЛК-10)",dc6f1e93-3e6e-4087-be33-ab94f32ef968,11,11
fff98751-52af-4f77-bc7a-b40073c9dc09,"16f8b5a1-2dc9-4a41-a8ec-d0b02714a19f","505 (УЛК-10)","505 (УЛК-10)","5ffba766-5594-40bc-81e6-e59035c1d555",120,120
"27d36d03-b5c0-4712-af6d-52d86fe2e9ab","16f8b5a1-2dc9-4a41-a8ec-d0b02714a19f","506 (УЛК-10)","506 (УЛК-10)","5ffba766-5594-40bc-81e6-e59035c1d555",146,146
"68a2aaf5-3abb-40d4-9aea-22521663494f","16f8b5a1-2dc9-4a41-a8ec-d0b02714a19f","507 (УЛК-10)","507 (УЛК-10)","3a5a9e55-2022-49c7-98bd-8c0b70ddeb14",0,0
"4a8c74f4-4df1-4e48-ac3e-33916277f1e2","247ae429-1071-403b-9993-c5764bc93496","100 (УЛК-11)","100 (УЛК-11)","5ffba766-5594-40bc-81e6-e59035c1d555",26,26
bb99e27a-3c45-4707-926b-ade75622cfae,"247ae429-1071-403b-9993-c5764bc93496","101 (УЛК-11)","101 (УЛК-11)","5ffba766-5594-40bc-81e6-e59035c1d555",60,60
"1e925ab4-34cd-47fd-a7eb-e232b1ec548e","247ae429-1071-403b-9993-c5764bc93496","102 (УЛК-11)","102 (УЛК-11)","403564e3-f242-4a49-aeb5-e6d3289e18a4",32,32
bab178d1-4078-4ce6-8730-2c4dd613f329,"247ae429-1071-403b-9993-c5764bc93496","103 (УЛК-11)","103 (УЛК-11)","5ffba766-5594-40bc-81e6-e59035c1d555",24,24
"4f8abdf9-1eb1-41fd-8861-85fdfc6c1311","247ae429-1071-403b-9993-c5764bc93496","205 (УЛК-11)","205 (УЛК-11)",dc6f1e93-3e6e-4087-be33-ab94f32ef968,28,28
"5fcd4412-2627-4d0a-859e-7278d9c6e371","247ae429-1071-403b-9993-c5764bc93496","207 (УЛК-11)","207 (УЛК-11)","403564e3-f242-4a49-aeb5-e6d3289e18a4",32,32
"4ad32b87-8b07-4cb5-83b5-667e80fcc5b2","247ae429-1071-403b-9993-c5764bc93496","211 (УЛК-11)","211 (УЛК-11)","403564e3-f242-4a49-aeb5-e6d3289e18a4",30,30
c9101ac7-a39c-4867-b9bd-d885b5109214,"247ae429-1071-403b-9993-c5764bc93496","216 (УЛК-11)","216 (УЛК-11)","403564e3-f242-4a49-aeb5-e6d3289e18a4",40,40
"8829a449-38ea-40f1-96b6-10343da5944e","247ae429-1071-403b-9993-c5764bc93496","301 (УЛК-11)","301 (УЛК-11)",dc6f1e93-3e6e-4087-be33-ab94f32ef968,47,47
e2af031d-91ad-48fb-bc5d-8372cabe7705,"247ae429-1071-403b-9993-c5764bc93496","304 (УЛК-11)","304 (УЛК-11)","403564e3-f242-4a49-aeb5-e6d3289e18a4",30,30
d616fd1c-a482-4af1-8f5a-43fe2f78f656,"247ae429-1071-403b-9993-c5764bc93496","306 (УЛК-11)","306 (УЛК-11)","403564e3-f242-4a49-aeb5-e6d3289e18a4",24,24
ae4328df-54b4-4f00-b3a4-c5b08feed8fc,"247ae429-1071-403b-9993-c5764bc93496","307 (УЛК-11)","307 (УЛК-11)","403564e3-f242-4a49-aeb5-e6d3289e18a4",17,17
a6ce231c-5f34-4cc6-afcc-994c7cc65abe,"247ae429-1071-403b-9993-c5764bc93496","308 (УЛК-11)","308 (УЛК-11)",b5e5e2dc-1758-4978-b717-1905d043c900,40,39
"701fa8e7-6278-47bd-b1af-fdf1b9282e32","247ae429-1071-403b-9993-c5764bc93496","309 (УЛК-11)","309 (УЛК-11)","403564e3-f242-4a49-aeb5-e6d3289e18a4",24,24
b89335df-24a8-40e6-9ac1-79f7e253980f,"247ae429-1071-403b-9993-c5764bc93496","311 (УЛК-11)","311 (УЛК-11)","403564e3-f242-4a49-aeb5-e6d3289e18a4",24,24
f61d3add-b639-414e-8332-6ddc3bd9f34a,"247ae429-1071-403b-9993-c5764bc93496","314 (УЛК-11)","314 (УЛК-11)","403564e3-f242-4a49-aeb5-e6d3289e18a4",32,32
"452549e9-d328-4ada-83b2-751a1c23aad0","247ae429-1071-403b-9993-c5764bc93496","316 (УЛК-11)","316 (УЛК-11)","403564e3-f242-4a49-aeb5-e6d3289e18a4",24,24
"59911d79-acaf-41f8-9b42-d3161b72b3c9","247ae429-1071-403b-9993-c5764bc93496","322 (УЛК-11)","322 (УЛК-11)","403564e3-f242-4a49-aeb5-e6d3289e18a4",80,80
"1b2987c7-48f3-4d42-8c40-d027c0fede3f","247ae429-1071-403b-9993-c5764bc93496","401 (УЛК-11)","401 (УЛК-11)",dc6f1e93-3e6e-4087-be33-ab94f32ef968,47,47
cf8f631d-3fb3-47bc-8e0b-868365643b80,"247ae429-1071-403b-9993-c5764bc93496","403 (УЛК-11)","403 (УЛК-11)","10d7acec-d6b2-4110-8a40-489e48213151",0,0
"681a7514-b5e2-47c8-8308-1b9532a7ef1e","247ae429-1071-403b-9993-c5764bc93496","404 (УЛК-11)","404 (УЛК-11)","403564e3-f242-4a49-aeb5-e6d3289e18a4",70,70
"4b8060fe-5dc5-48bf-a18b-5683dc680ddf","247ae429-1071-403b-9993-c5764bc93496","406 (УЛК-11)","406 (УЛК-11)","5ffba766-5594-40bc-81e6-e59035c1d555",54,54
"096a0b54-228f-444c-9c21-5803047846ed","247ae429-1071-403b-9993-c5764bc93496","407 (УЛК-11)","407 (УЛК-11)","5ffba766-5594-40bc-81e6-e59035c1d555",74,70
"2d870273-43d2-436e-a252-ee352cbfce21","247ae429-1071-403b-9993-c5764bc93496","408а (УЛК-11)","408а (УЛК-11)","403564e3-f242-4a49-aeb5-e6d3289e18a4",14,14
"1bb4d764-4f46-4792-a472-500e6910ed34","247ae429-1071-403b-9993-c5764bc93496","408 (УЛК-11)","408 (УЛК-11)","403564e3-f242-4a49-aeb5-e6d3289e18a4",30,30
ffc21ad9-45d1-4461-bd28-5be800355b09,"247ae429-1071-403b-9993-c5764bc93496","410 (УЛК-11)","410 (УЛК-11)","5ffba766-5594-40bc-81e6-e59035c1d555",36,36
"5277f728-39bc-41f6-acb0-6315cd649355","247ae429-1071-403b-9993-c5764bc93496","411 (УЛК-11)","411 (УЛК-11)","403564e3-f242-4a49-aeb5-e6d3289e18a4",48,48
"8969793d-4d02-47a5-a622-5d77130dea82","247ae429-1071-403b-9993-c5764bc93496","412 (УЛК-11)","412 (УЛК-11)","5ffba766-5594-40bc-81e6-e59035c1d555",64,62
c4753362-7d22-4c9b-b807-ea3bfa6064a0,"247ae429-1071-403b-9993-c5764bc93496","501 (УЛК-11)","501 (УЛК-11)","5ffba766-5594-40bc-81e6-e59035c1d555",100,100
ertdb426-0d9c-re11-83db-7d8694db75qr,"247ae429-1071-403b-9993-c5764bc93496","502 (УЛК-11)","502 (УЛК-11)","5ffba766-5594-40bc-81e6-e59035c1d555",32,32
bc207b39-3274-482f-913e-924c19a18912,"247ae429-1071-403b-9993-c5764bc93496","503 (УЛК-11)","503 (УЛК-11)",d57ae3f8-1d70-4ffd-aac3-abb48c3a158f,0,0
"855c0220-7fae-4ed4-adf3-814870f57bcd","247ae429-1071-403b-9993-c5764bc93496","505 (УЛК-11)","505 (УЛК-11)","403564e3-f242-4a49-aeb5-e6d3289e18a4",16,16
dec0440d-5f3d-4914-9e5a-08c91bb1b042,"247ae429-1071-403b-9993-c5764bc93496","506 (УЛК-11)","506 (УЛК-11)",dc6f1e93-3e6e-4087-be33-ab94f32ef968,58,58
"2043ed13-c84c-4af5-b887-489259c7f923","247ae429-1071-403b-9993-c5764bc93496","507 (УЛК-11)","507 (УЛК-11)",dcd78170-d1c7-4fd4-93b0-7ad20b5ab333,0,0
"697726b5-5d12-4fcc-bc9f-892b576e1a4e","247ae429-1071-403b-9993-c5764bc93496","508а (УЛК-11)","508а (УЛК-11)","37266c20-4ec2-4758-96cf-b042c8b2016a",16,16
bf134468-0e35-416b-b444-c59633c23165,"247ae429-1071-403b-9993-c5764bc93496","508 (УЛК-11)","508 (УЛК-11)","5ffba766-5594-40bc-81e6-e59035c1d555",24,24
"2d5c0fdb-4d56-494b-a8f2-061c7b73295a","247ae429-1071-403b-9993-c5764bc93496","509 (УЛК-11)","509 (УЛК-11)","5ffba766-5594-40bc-81e6-e59035c1d555",76,76
"80ffcc18-edaf-46e8-9b94-4fab95802660","247ae429-1071-403b-9993-c5764bc93496","510 (УЛК-11)","510 (УЛК-11)",db7b0dd3-a632-41ac-afd8-03586e682126,0,0
"12ab35dc-0775-40ae-a6b4-873fac94ed86","247ae429-1071-403b-9993-c5764bc93496","512 (УЛК-11)","512 (УЛК-11)","5ffba766-5594-40bc-81e6-e59035c1d555",22,22
df34ca72-a48b-4f8b-9778-648410d1a3bf,"247ae429-1071-403b-9993-c5764bc93496","514 (УЛК-11)","514 (УЛК-11)","403564e3-f242-4a49-aeb5-e6d3289e18a4",38,38
ce18ddbc-fd21-47f1-9221-d2987e6a0073,"247ae429-1071-403b-9993-c5764bc93496","515 (УЛК-11)","515 (УЛК-11)",dc6f1e93-3e6e-4087-be33-ab94f32ef968,32,32
"42fa6553-ae51-43e4-b6f7-348035c3cbdf","247ae429-1071-403b-9993-c5764bc93496","516 (УЛК-11)","516 (УЛК-11)","1d7a2325-88b2-4b64-861b-3bef3cc2e746",52,52
"273ff3bf-3d68-4627-b52d-0f22e68edf09","247ae429-1071-403b-9993-c5764bc93496","601 (УЛК-11)","601 (УЛК-11)",bdf7198f-7c0e-4709-8cee-5d4eb762aadc,0,0
"1858518f-6a9d-427d-aedd-86ec98f42a65","247ae429-1071-403b-9993-c5764bc93496","603а (УЛК-11)","603а (УЛК-11)",bdf7198f-7c0e-4709-8cee-5d4eb762aadc,0,0
"78bdee2f-fcd0-424d-9dd2-f53df50cb72b","25c9a9fe-e603-4036-8514-c63fde6bbad8","011 (УЛК-03)","011 (УЛК-03)","403564e3-f242-4a49-aeb5-e6d3289e18a4",24,24
"40a3596f-5e92-4171-aa75-4585ec22006f","25c9a9fe-e603-4036-8514-c63fde6bbad8","013 (УЛК-03)","013 (УЛК-03)","403564e3-f242-4a49-aeb5-e6d3289e18a4",34,34
"59310aa1-5d18-4cb6-8d25-ccff1829e9c3","25c9a9fe-e603-4036-8514-c63fde6bbad8","101 (УЛК-03)","101 (УЛК-03)",baf2d2cd-56ce-426b-bdb0-7874e9f6bd30,0,0
f246cb87-a4bd-462b-9586-8008b2203023,"25c9a9fe-e603-4036-8514-c63fde6bbad8","103 (УЛК-03)","103 (УЛК-03)","5ffba766-5594-40bc-81e6-e59035c1d555",44,44
"327f1e29-3951-4d5e-b503-1a8aa5cb1d21","25c9a9fe-e603-4036-8514-c63fde6bbad8","106 (УЛК-03)","106 (УЛК-03)","21ddaf85-6546-4f57-b52d-815a3265b525",14,14
"31bc793c-d846-4cc1-9900-760875407657","25c9a9fe-e603-4036-8514-c63fde6bbad8","107 (УЛК-03)","107 (УЛК-03)",b5e5e2dc-1758-4978-b717-1905d043c900,37,37
"705f720b-7ae3-4e67-8863-7dc4a5046317","25c9a9fe-e603-4036-8514-c63fde6bbad8","108 (УЛК-03)","108 (УЛК-03)","5ffba766-5594-40bc-81e6-e59035c1d555",36,36
e40dff05-196e-4eca-9d1e-ce1d866311a1,"25c9a9fe-e603-4036-8514-c63fde6bbad8","109 (УЛК-03)","109 (УЛК-03)","5ffba766-5594-40bc-81e6-e59035c1d555",72,72
"05dc2ec1-44c8-4181-8d86-8baaa3dbae2e","25c9a9fe-e603-4036-8514-c63fde6bbad8","201 (УЛК-03)","201 (УЛК-03)",e967ca6f-4418-4c21-bbd1-5ba03d35ddee,0,0
"4da0b679-9282-4544-8d9a-7fdcbb4a5833","25c9a9fe-e603-4036-8514-c63fde6bbad8","203 (УЛК-03)","203 (УЛК-03)",da5b3338-83f1-450a-b70e-cdc490fe8adc,0,0
aeb8453a-40ac-48fc-9d61-bcd9ae856fe3,"25c9a9fe-e603-4036-8514-c63fde6bbad8","204 (УЛК-03)","204 (УЛК-03)",dc6f1e93-3e6e-4087-be33-ab94f32ef968,16,16
"08154879-eb92-4369-9b75-bc06f4215a28","25c9a9fe-e603-4036-8514-c63fde6bbad8","205 (УЛК-03)","205 (УЛК-03)",dc6f1e93-3e6e-4087-be33-ab94f32ef968,13,13
"04614a00-5699-4c98-b8e2-10de029de11e","25c9a9fe-e603-4036-8514-c63fde6bbad8","206 (УЛК-03)","206 (УЛК-03)",dc6f1e93-3e6e-4087-be33-ab94f32ef968,14,14
"60598e7e-243f-48c7-8c0d-17c1bc031579","25c9a9fe-e603-4036-8514-c63fde6bbad8","207 (УЛК-03)","207 (УЛК-03)",dc6f1e93-3e6e-4087-be33-ab94f32ef968,15,15
"7560e385-480c-4b07-9c67-8c05626ec09a","25c9a9fe-e603-4036-8514-c63fde6bbad8","208 (УЛК-03)","208 (УЛК-03)",dc6f1e93-3e6e-4087-be33-ab94f32ef968,15,15
"93451744-2e0a-4421-903a-0f268894f9f9","25c9a9fe-e603-4036-8514-c63fde6bbad8","209 (УЛК-03)","209 (УЛК-03)","5ffba766-5594-40bc-81e6-e59035c1d555",62,62
"3725edcc-08cf-406e-bc64-3c93142f294d","25c9a9fe-e603-4036-8514-c63fde6bbad8","210 (УЛК-03)","210 (УЛК-03)","5ffba766-5594-40bc-81e6-e59035c1d555",20,20
b8280ed4-76ab-492c-acd8-7af85800d217,"55add2dc-b2ab-467e-bed9-73618dc1c225","101 (УЛК-07)","101 (УЛК-07)","39a8eb6a-e478-467f-a8fc-08d5577bece6",17,17
"42b4ef82-c820-47a2-b275-c9740ee892e3","55add2dc-b2ab-467e-bed9-73618dc1c225","302 (УЛК-07)","302 (УЛК-07)",e1083f64-7eb3-4a6a-abd0-2f996698d912,0,0
"0931d28b-487a-4313-b1a1-da481ac3f357","55add2dc-b2ab-467e-bed9-73618dc1c225","305 (УЛК-07)","305 (УЛК-07)","45a11a04-dbbc-48df-8265-374dc81bcea4",0,0
"74c895ac-368b-4824-967a-9fbb7a5d1fd8","55add2dc-b2ab-467e-bed9-73618dc1c225","306 (УЛК-07)","306 (УЛК-07)","403564e3-f242-4a49-aeb5-e6d3289e18a4",29,29
"91fa9eec-1780-419a-8f8b-ebcfd397e1d4","55add2dc-b2ab-467e-bed9-73618dc1c225","307 (УЛК-07)","307 (УЛК-07)","403564e3-f242-4a49-aeb5-e6d3289e18a4",22,22
c4e90356-74fc-44ef-bcf5-0fe8e0477d56,"55add2dc-b2ab-467e-bed9-73618dc1c225","308 (УЛК-07)","308 (УЛК-07)","403564e3-f242-4a49-aeb5-e6d3289e18a4",29,29
"99598679-d0bc-4c9d-9b7c-295462ec2b07","55add2dc-b2ab-467e-bed9-73618dc1c225","309 (УЛК-07)","309 (УЛК-07)","403564e3-f242-4a49-aeb5-e6d3289e18a4",26,26
"469b328d-835b-47e5-9d53-29d8ab1f9963","55add2dc-b2ab-467e-bed9-73618dc1c225","311 (УЛК-07)","311 (УЛК-07)","403564e3-f242-4a49-aeb5-e6d3289e18a4",14,14
d198c038-d82e-439f-9ded-0aacdd2a883d,"55add2dc-b2ab-467e-bed9-73618dc1c225","312 (УЛК-07)","312 (УЛК-07)","403564e3-f242-4a49-aeb5-e6d3289e18a4",50,50
"1645c9e5-eafe-4c3a-a12a-7f5a62792ab8","55add2dc-b2ab-467e-bed9-73618dc1c225","313 (УЛК-07)","313 (УЛК-07)","403564e3-f242-4a49-aeb5-e6d3289e18a4",60,60
"9acb7219-4977-4992-822d-84fcf4673041","55add2dc-b2ab-467e-bed9-73618dc1c225","314 (УЛК-07)","314 (УЛК-07)","57c8b3f9-54f6-4562-8c52-8b132fedfbb7",30,30
"2dbd06fe-9d79-496c-a052-a4fd5afd7c13","55add2dc-b2ab-467e-bed9-73618dc1c225","315 (УЛК-07)","315 (УЛК-07)","403564e3-f242-4a49-aeb5-e6d3289e18a4",24,24
"913a23ea-42b9-41c9-9ad8-d84ea17f0c2c","55add2dc-b2ab-467e-bed9-73618dc1c225","316 (УЛК-07)","316 (УЛК-07)","7057f706-f803-4d74-b972-9de0452968b6",24,24
"6f9f503b-7593-4b13-8bb0-3bee072408b3","55add2dc-b2ab-467e-bed9-73618dc1c225","317 (УЛК-07)","317 (УЛК-07)","403564e3-f242-4a49-aeb5-e6d3289e18a4",28,28
a57566f9-5692-47e4-a5a6-97e4118cb881,"55add2dc-b2ab-467e-bed9-73618dc1c225","318 (УЛК-07)","318 (УЛК-07)","247e6ac1-ebe3-4fb6-bba8-188c2dba56a9",26,26
"13ea4403-c128-4072-befd-d0662f7969b4","55add2dc-b2ab-467e-bed9-73618dc1c225","319 (УЛК-07)","319 (УЛК-07)",dc6f1e93-3e6e-4087-be33-ab94f32ef968,18,18
af002945-7b5a-43d0-87ea-5e8628879708,"55add2dc-b2ab-467e-bed9-73618dc1c225","320 (УЛК-07)","320 (УЛК-07)","6cfe379b-4b22-4f09-9cde-a931d6001937",0,0
c2567c05-60f6-4a7c-bba4-a2e373153f46,"55add2dc-b2ab-467e-bed9-73618dc1c225","325 (УЛК-07)","325 (УЛК-07)","283655c0-be7a-475a-a52b-c83cf80bc4c0",8,8
f74960c1-ae0d-41a3-a897-895c6cb4067c,"55add2dc-b2ab-467e-bed9-73618dc1c225","326 (УЛК-07)","326 (УЛК-07)",c69462a2-5c5c-4ad6-9dbd-33c9659c4ca1,0,0
a6553110-b810-4b09-927c-3e28f216a44d,"55add2dc-b2ab-467e-bed9-73618dc1c225","400 (УЛК-07)","400 (УЛК-07)",c69462a2-5c5c-4ad6-9dbd-33c9659c4ca1,0,0
"8c90f56c-1117-48c8-9226-5184d259c4a6","55add2dc-b2ab-467e-bed9-73618dc1c225","401 (УЛК-07)","401 (УЛК-07)","147559c2-9405-4daf-b347-543211c76cec",11,11
aeac7011-0959-483a-87a1-8dbb95a23c23,"55add2dc-b2ab-467e-bed9-73618dc1c225","407 (УЛК-07)","407 (УЛК-07)","92390c64-3f72-41c5-ba1a-8083ca0225f2",60,60
"80dff0ec-6e0b-4615-a8a6-056033e96c9c","55add2dc-b2ab-467e-bed9-73618dc1c225","409 (УЛК-07)","409 (УЛК-07)",e1a31a31-df93-49ea-8368-4c15c29a230d,300,300
"622752eb-0484-4dab-8cd4-b48dcba7fe19","55add2dc-b2ab-467e-bed9-73618dc1c225",Тир (УЛК-07),Тир (УЛК-07),"4fe1c7d5-3def-41d1-ac4f-a6c3b3302b0e",28,28
"12581d2d-ca9f-487c-8f02-747b0cb52bfd","67548cd6-b68b-4500-b079-c78e49567b10","011 (УЛК-05)","011 (УЛК-05)","21ddaf85-6546-4f57-b52d-815a3265b525",9,9
"842c30fb-7836-434e-9546-515395ce0d10","67548cd6-b68b-4500-b079-c78e49567b10","04 (УЛК-05)","04 (УЛК-05)","21ddaf85-6546-4f57-b52d-815a3265b525",18,18
"1cf9cfd0-9f71-46d0-84aa-8f81f44dfc7d","67548cd6-b68b-4500-b079-c78e49567b10","08 (УЛК-05)","08 (УЛК-05)","21ddaf85-6546-4f57-b52d-815a3265b525",18,18
"7df09f2d-f895-4f49-b788-809f1310f1f4","67548cd6-b68b-4500-b079-c78e49567b10","100 (УЛК-05)","100 (УЛК-05)","21ddaf85-6546-4f57-b52d-815a3265b525",20,20
"39ed6f07-80da-4759-910e-9ba4286bd0a3","67548cd6-b68b-4500-b079-c78e49567b10","101а (УЛК-05)","101а (УЛК-05)","21ddaf85-6546-4f57-b52d-815a3265b525",14,14
"841bd034-2548-4ca9-92ae-9242682039de","67548cd6-b68b-4500-b079-c78e49567b10","102а (УЛК-05)","102а (УЛК-05)","21ddaf85-6546-4f57-b52d-815a3265b525",14,14
"8addcb31-b5ad-4071-bc87-bee93ca4012a","67548cd6-b68b-4500-b079-c78e49567b10","103а (УЛК-05)","103а (УЛК-05)","21ddaf85-6546-4f57-b52d-815a3265b525",14,14
bf7af917-667d-4363-a2eb-fca02b666e4e,"67548cd6-b68b-4500-b079-c78e49567b10","104а (УЛК-05)","104а (УЛК-05)",c9c171fd-2f38-45c5-9f88-6ad4a9e4da39,0,0
"84010ccf-7cd6-4e70-8f9f-c413c4ad4581","67548cd6-b68b-4500-b079-c78e49567b10","107 (УЛК-05)","107 (УЛК-05)","37266c20-4ec2-4758-96cf-b042c8b2016a",24,24
def9e174-134c-4243-9ebb-8d455ce49cf7,"67548cd6-b68b-4500-b079-c78e49567b10","110а (УЛК-05)","110а (УЛК-05)","21ddaf85-6546-4f57-b52d-815a3265b525",14,14
"7c95cb09-bbce-4021-8d2c-3340a7265661","67548cd6-b68b-4500-b079-c78e49567b10","111 (УЛК-05)","111 (УЛК-05)","5ffba766-5594-40bc-81e6-e59035c1d555",100,100
"00f5975e-11be-468a-8308-4a28f2fcd317","67548cd6-b68b-4500-b079-c78e49567b10","114а (УЛК-05)","114а (УЛК-05)","21ddaf85-6546-4f57-b52d-815a3265b525",14,14
bfedeb05-c01b-42de-a555-f325eb8272b4,"67548cd6-b68b-4500-b079-c78e49567b10","115а (УЛК-05)","115а (УЛК-05)","60980ac9-222a-4feb-be80-a4ab51984e98",10,10
"04e87fbd-1397-4f48-a1c6-d5a8ac361021","67548cd6-b68b-4500-b079-c78e49567b10","115 (УЛК-05)","115 (УЛК-05)","21ddaf85-6546-4f57-b52d-815a3265b525",14,14
"76d408bb-ab2d-4071-b981-b64c0e02a479","67548cd6-b68b-4500-b079-c78e49567b10","116-117 (УЛК-05)","116-117 (УЛК-05)",d5d1712d-5fbc-4672-80f5-a06aca392616,35,35
"9e2f3975-65d3-409a-9870-39d6c0a32aa8","67548cd6-b68b-4500-b079-c78e49567b10","117а (УЛК-05)","117а (УЛК-05)","21ddaf85-6546-4f57-b52d-815a3265b525",12,12
ec9f1083-2d77-45ef-9fda-0b393d476642,"67548cd6-b68b-4500-b079-c78e49567b10","118а (УЛК-05)","118а (УЛК-05)","5ffba766-5594-40bc-81e6-e59035c1d555",80,80
b821748e-438f-40ce-a631-0003a8a21d24,"67548cd6-b68b-4500-b079-c78e49567b10","119а (УЛК-05)","119а (УЛК-05)","21ddaf85-6546-4f57-b52d-815a3265b525",14,14
"6ec89d5b-2b14-45ec-9b91-0ae335f9f66b","67548cd6-b68b-4500-b079-c78e49567b10","201а (УЛК-05)","201а (УЛК-05)","5ffba766-5594-40bc-81e6-e59035c1d555",20,20
"365ce672-1b7c-4e79-98c6-489b4a1ea8b2","67548cd6-b68b-4500-b079-c78e49567b10","201 (УЛК-05)","201 (УЛК-05)","403564e3-f242-4a49-aeb5-e6d3289e18a4",41,41
f40b8090-810b-4105-9617-34cb57dffffc,"67548cd6-b68b-4500-b079-c78e49567b10","202 (УЛК-05)","202 (УЛК-05)","58423b3f-123f-486a-9bb8-a9e3e2389949",0,0
dcac972a-f423-469e-b225-4c7b705c84d7,"67548cd6-b68b-4500-b079-c78e49567b10","203а (УЛК-05)","203а (УЛК-05)","21ddaf85-6546-4f57-b52d-815a3265b525",14,14
ce6f5944-804e-4cef-b54e-20cb476c6a38,"67548cd6-b68b-4500-b079-c78e49567b10","203 (УЛК-05)","203 (УЛК-05)",a1ee0a40-e806-4d0b-8f12-6e82cf1e3d80,0,0
a472ee19-f810-44f4-b904-ed0145a9e14a,"67548cd6-b68b-4500-b079-c78e49567b10","204а  (УЛК-05)","204а  (УЛК-05)","4352963e-cc36-439f-beae-55d2c86e0e22",0,0
eb23852e-f0b7-45f5-ab3e-33b88b4e97ee,"67548cd6-b68b-4500-b079-c78e49567b10","204 (УЛК-05)","204 (УЛК-05)","37266c20-4ec2-4758-96cf-b042c8b2016a",25,25
d9b532d7-e282-4e05-91d0-d14836302ace,"67548cd6-b68b-4500-b079-c78e49567b10","206 (УЛК-05)","206 (УЛК-05)",de4f3584-50a1-4e1a-93fb-dee2c014a8bb,0,0
ceee9a09-99f3-48c2-a410-0a00b30f6ae3,"67548cd6-b68b-4500-b079-c78e49567b10","207а (УЛК-05)","207а (УЛК-05)","21ddaf85-6546-4f57-b52d-815a3265b525",14,14
eab40cae-5885-4a62-ab4c-95dc90c0ece7,"67548cd6-b68b-4500-b079-c78e49567b10","207 (УЛК-05)","207 (УЛК-05)",de4f3584-50a1-4e1a-93fb-dee2c014a8bb,0,0
"249e1db4-ccb1-4cd1-ba47-9959214add86","67548cd6-b68b-4500-b079-c78e49567b10","209а  (УЛК-05)","209а  (УЛК-05)","0c27995d-4936-4c97-865a-3d1557e921bb",0,0
d0291c6c-4d31-45bc-bb26-d59827fae6ab,"67548cd6-b68b-4500-b079-c78e49567b10","209 (УЛК-05)","209 (УЛК-05)","37266c20-4ec2-4758-96cf-b042c8b2016a",20,20
d4332cd3-98c2-4252-bae3-d0f3b610f52d,"67548cd6-b68b-4500-b079-c78e49567b10","210а (УЛК-05)","210а (УЛК-05)",c1d7ce32-068c-452d-af60-5e07ca08138c,0,0
"73a316a0-b238-49bd-8079-0822b6249fdc","67548cd6-b68b-4500-b079-c78e49567b10","210 (УЛК-05)","210 (УЛК-05)","31a224f3-4d69-4e90-a0d2-14534df41f99",0,0
e43fe331-9208-4c57-b904-a0be4eb899c8,"67548cd6-b68b-4500-b079-c78e49567b10","211а (УЛК-05)","211а (УЛК-05)","21ddaf85-6546-4f57-b52d-815a3265b525",14,14
"81196a8a-e8fe-47b5-bd72-2ea59ed1baf2","67548cd6-b68b-4500-b079-c78e49567b10","211 (УЛК-05)","211 (УЛК-05)","403564e3-f242-4a49-aeb5-e6d3289e18a4",34,34
"83a70ff6-9bb4-47e8-956d-ed7da276dd7c","67548cd6-b68b-4500-b079-c78e49567b10","213а (УЛК-05)","213а (УЛК-05)","21ddaf85-6546-4f57-b52d-815a3265b525",20,20
"55548cd6-b68b-4500-b079-c78e49567210","67548cd6-b68b-4500-b079-c78e49567b10","214 (УЛК-05)","214 (УЛК-05)","403564e3-f242-4a49-aeb5-e6d3289e18a4",25,25
"9f5b91a7-cb36-40ce-913a-2cbd39091a5e","67548cd6-b68b-4500-b079-c78e49567b10","215а (УЛК-05)","215а (УЛК-05)","21ddaf85-6546-4f57-b52d-815a3265b525",6,6
"85548cd6-b68b-4500-b079-c78e49567b90","67548cd6-b68b-4500-b079-c78e49567b10","215 (УЛК-05)","215 (УЛК-05)","403564e3-f242-4a49-aeb5-e6d3289e18a4",40,40
d653bf60-2dde-4128-8a32-090224733a22,"67548cd6-b68b-4500-b079-c78e49567b10","216 (УЛК-05)","216 (УЛК-05)","5ffba766-5594-40bc-81e6-e59035c1d555",85,85
"899b6c3e-d8eb-40b7-ab5f-27c42ae53ef9","67548cd6-b68b-4500-b079-c78e49567b10","217а (УЛК-05)","217а (УЛК-05)","5ffba766-5594-40bc-81e6-e59035c1d555",41,41
a19f07f5-6bb8-40ac-9d67-801b1bd926ad,"67548cd6-b68b-4500-b079-c78e49567b10","217 (УЛК-05)","217 (УЛК-05)","5ffba766-5594-40bc-81e6-e59035c1d555",69,69
"3bb5a91e-e9c1-43da-ac60-9f2ee4358170","67548cd6-b68b-4500-b079-c78e49567b10","218а (УЛК-05)","218а (УЛК-05)","403564e3-f242-4a49-aeb5-e6d3289e18a4",20,20
c5cfefb6-6abd-4d6c-a336-4e58dcf93d4d,"67548cd6-b68b-4500-b079-c78e49567b10","222в (УЛК-05)","222в (УЛК-05)","0f4bb8ac-06f4-4110-b148-894ce4602338",0,0
be63ca0e-fb73-4c97-a784-395c47878286,"67548cd6-b68b-4500-b079-c78e49567b10","224а (УЛК-05)","224а (УЛК-05)","21ddaf85-6546-4f57-b52d-815a3265b525",6,6
f77c6f26-1626-4842-b6b9-ed79ee4c6cdf,"67548cd6-b68b-4500-b079-c78e49567b10","301а (УЛК-05)","301а (УЛК-05)","21ddaf85-6546-4f57-b52d-815a3265b525",12,12
"175fd3c3-5fca-449d-a71d-dc4e3a4c7435","67548cd6-b68b-4500-b079-c78e49567b10","301 (УЛК-05)","301 (УЛК-05)","403564e3-f242-4a49-aeb5-e6d3289e18a4",42,42
b07f5053-8bfb-49cd-b98b-27377405ad3a,"67548cd6-b68b-4500-b079-c78e49567b10","302 (УЛК-05)","302 (УЛК-05)","5ffba766-5594-40bc-81e6-e59035c1d555",48,48
"712375a9-ed75-4f4e-b70d-7e204c5aba3e","67548cd6-b68b-4500-b079-c78e49567b10","303а (УЛК-05)","303а (УЛК-05)","21ddaf85-6546-4f57-b52d-815a3265b525",12,12
"814c1600-f9d0-4410-831c-c895fdbda5f3","67548cd6-b68b-4500-b079-c78e49567b10","303 (УЛК-05)","303 (УЛК-05)","5ffba766-5594-40bc-81e6-e59035c1d555",47,47
"1da3c2da-3a0e-4021-8e36-065e3a884f17","67548cd6-b68b-4500-b079-c78e49567b10","304 (УЛК-05)","304 (УЛК-05)","403564e3-f242-4a49-aeb5-e6d3289e18a4",48,48
d78bf885-aea8-4c20-9b05-0bf05c62fbc5,"67548cd6-b68b-4500-b079-c78e49567b10","305 (УЛК-05)","305 (УЛК-05)","5ffba766-5594-40bc-81e6-e59035c1d555",47,47
"14f8d0ae-7c64-4cda-8ab8-9375a3629813","67548cd6-b68b-4500-b079-c78e49567b10","306 (УЛК-05)","306 (УЛК-05)",dc6f1e93-3e6e-4087-be33-ab94f32ef968,25,25
a796bbe8-362d-436e-8812-6ef2f90bace6,"67548cd6-b68b-4500-b079-c78e49567b10","309 (УЛК-05)","309 (УЛК-05)","0cf696bb-0a28-4a5a-b1d8-8f7da3f547b2",0,0
"3e02b88d-56ab-4626-a7e2-3c86a9cbd141","67548cd6-b68b-4500-b079-c78e49567b10","310 (УЛК-05)","310 (УЛК-05)",dc6f1e93-3e6e-4087-be33-ab94f32ef968,24,24
abb1ee51-7d61-4e08-bde7-063b78e2a44a,"67548cd6-b68b-4500-b079-c78e49567b10","311 (УЛК-05)","311 (УЛК-05)",dc6f1e93-3e6e-4087-be33-ab94f32ef968,20,20
"6fa0eda5-9475-4c41-9224-ac87573bffb1","67548cd6-b68b-4500-b079-c78e49567b10","314 (УЛК-05)","314 (УЛК-05)",dc6f1e93-3e6e-4087-be33-ab94f32ef968,26,26
"21c108b3-3884-405a-94e1-05662090eda6","67548cd6-b68b-4500-b079-c78e49567b10","315 (УЛК-05)","315 (УЛК-05)",dc6f1e93-3e6e-4087-be33-ab94f32ef968,27,27
dedba5a5-36a9-44b6-a249-4bc80d1468aa,"67548cd6-b68b-4500-b079-c78e49567b10","317а (УЛК-05)","317а (УЛК-05)","2eb94148-166e-4d82-8670-446a021e5192",0,0
a53b203d-f55c-4e5c-9c68-8838d4ebe46a,"67548cd6-b68b-4500-b079-c78e49567b10","317 (УЛК-05)","317 (УЛК-05)",dc6f1e93-3e6e-4087-be33-ab94f32ef968,25,25
"70db1824-2c95-434f-905e-fd0619ad231e","67548cd6-b68b-4500-b079-c78e49567b10","318 (УЛК-05)","318 (УЛК-05)",dc6f1e93-3e6e-4087-be33-ab94f32ef968,56,56
"0793400a-9f60-4d63-a1b5-a8eb921ca3ef","67548cd6-b68b-4500-b079-c78e49567b10","319 (УЛК-05)","319 (УЛК-05)","5ffba766-5594-40bc-81e6-e59035c1d555",54,54
b4fc187b-f125-4d4d-ad18-98b00bb70fb1,"67548cd6-b68b-4500-b079-c78e49567b10","401 (УЛК-05)","401 (УЛК-05)","5ffba766-5594-40bc-81e6-e59035c1d555",51,51
"30adfcbe-480e-40a2-9657-ca033bf37732","67548cd6-b68b-4500-b079-c78e49567b10","402 (УЛК-05)","402 (УЛК-05)","5ffba766-5594-40bc-81e6-e59035c1d555",68,68
"669b2e3e-5d2b-4027-98ce-1ed044dedef0","67548cd6-b68b-4500-b079-c78e49567b10","403 (УЛК-05)","403 (УЛК-05)","5ffba766-5594-40bc-81e6-e59035c1d555",103,103
c41b6229-b835-45c4-9c69-2f51f3e670b3,"67548cd6-b68b-4500-b079-c78e49567b10","404 (УЛК-05)","404 (УЛК-05)",dc6f1e93-3e6e-4087-be33-ab94f32ef968,36,36
"09d077e0-a3f7-4fe5-bbdb-7927c5cfd76a","67548cd6-b68b-4500-b079-c78e49567b10","405 (УЛК-05)","405 (УЛК-05)","403564e3-f242-4a49-aeb5-e6d3289e18a4",16,16
c5a407ff-01eb-4174-9ccd-4c235fb5d000,"67548cd6-b68b-4500-b079-c78e49567b10","406 (УЛК-05)","406 (УЛК-05)","403564e3-f242-4a49-aeb5-e6d3289e18a4",13,13
"33ca8347-a3b3-400e-8355-aaab441a16f2","67548cd6-b68b-4500-b079-c78e49567b10","407 (УЛК-05)","407 (УЛК-05)","403564e3-f242-4a49-aeb5-e6d3289e18a4",16,16
"2f10b0a7-ae85-431b-8349-93598e96b378","67548cd6-b68b-4500-b079-c78e49567b10","410 (УЛК-05)","410 (УЛК-05)",b5e5e2dc-1758-4978-b717-1905d043c900,68,68
f18af7d5-0976-4406-8fe5-49964563a617,"67548cd6-b68b-4500-b079-c78e49567b10","411 (УЛК-05)","411 (УЛК-05)",dc6f1e93-3e6e-4087-be33-ab94f32ef968,31,31
c7155c0b-1ac1-4765-ba49-4b0f3b351810,"67548cd6-b68b-4500-b079-c78e49567b10","412а (УЛК-05)","412а (УЛК-05)","8b1feb90-5ee2-48c4-90f9-3c667dda0c83",0,0
a6098dbb-31c3-4924-adc9-12d3894a94f1,"67548cd6-b68b-4500-b079-c78e49567b10","412 (УЛК-05)","412 (УЛК-05)",dc6f1e93-3e6e-4087-be33-ab94f32ef968,17,17
cea35889-6650-4a5a-85b7-98a973dd6d0e,"67548cd6-b68b-4500-b079-c78e49567b10","413 (УЛК-05)","413 (УЛК-05)",dc6f1e93-3e6e-4087-be33-ab94f32ef968,16,16
"4dd11a3b-db70-4f58-a1bd-8e5622e9cd99","67548cd6-b68b-4500-b079-c78e49567b10","414 (УЛК-05)","414 (УЛК-05)","5ffba766-5594-40bc-81e6-e59035c1d555",60,60
"4e6f7517-3a39-4351-9e61-966c2f35e5fe","67548cd6-b68b-4500-b079-c78e49567b10","415а (УЛК-05)","415а (УЛК-05)",dc6f1e93-3e6e-4087-be33-ab94f32ef968,23,23
ef2e9293-261f-4edc-a54f-531faeebb205,"67548cd6-b68b-4500-b079-c78e49567b10","415 (УЛК-05)","415 (УЛК-05)","5ffba766-5594-40bc-81e6-e59035c1d555",48,48
d8916f41-5352-4631-bdf0-2de305ed9fec,"67548cd6-b68b-4500-b079-c78e49567b10","416 (УЛК-05)","416 (УЛК-05)","403564e3-f242-4a49-aeb5-e6d3289e18a4",7,7
"6f79a526-93a6-406f-bf4b-addc0c696348","67548cd6-b68b-4500-b079-c78e49567b10","417 (УЛК-05)","417 (УЛК-05)","403564e3-f242-4a49-aeb5-e6d3289e18a4",14,14
"5eb0db9a-a449-48bc-8fa7-4fd5738c328d","67548cd6-b68b-4500-b079-c78e49567b10","418 (УЛК-05)","418 (УЛК-05)","5ffba766-5594-40bc-81e6-e59035c1d555",12,12
"43c5b7a3-d685-46c9-aba0-64ffb3006a6f","67548cd6-b68b-4500-b079-c78e49567b10","421 (УЛК-05)","421 (УЛК-05)","5ffba766-5594-40bc-81e6-e59035c1d555",26,26
"0ac50a1f-dfd4-45a1-af59-78c61bfde0ef","67548cd6-b68b-4500-b079-c78e49567b10","422-1 (УЛК-05)","422-1 (УЛК-05)",dc6f1e93-3e6e-4087-be33-ab94f32ef968,16,16
"729a8957-545a-4d42-ad51-f95e0065fe76","67548cd6-b68b-4500-b079-c78e49567b10","422-2 (УЛК-05)","422-2 (УЛК-05)",dc6f1e93-3e6e-4087-be33-ab94f32ef968,18,18
b7dbb5ed-ddff-4b22-ba60-64e3933a36d2,"67548cd6-b68b-4500-b079-c78e49567b10","423 (УЛК-05)","423 (УЛК-05)",dc6f1e93-3e6e-4087-be33-ab94f32ef968,26,26
eaff58b1-2bc1-4b9b-87fd-9087857d2033,"6767b27f-ed3a-4fcf-97db-084f3149a9c1","109 (УЛК-17)","109 (УЛК-17)",dc6f1e93-3e6e-4087-be33-ab94f32ef968,24,24
"74144295-e540-433b-b532-ff7c4cf61131","6767b27f-ed3a-4fcf-97db-084f3149a9c1","110 (УЛК-17)","110 (УЛК-17)",dc6f1e93-3e6e-4087-be33-ab94f32ef968,24,24
bb80859c-ccf4-47df-a412-db511749fcf5,"6767b27f-ed3a-4fcf-97db-084f3149a9c1","201 (УЛК-17)","201 (УЛК-17)","21ddaf85-6546-4f57-b52d-815a3265b525",16,16
"45d573f8-79e2-4159-95a1-e674c102e6d5","6767b27f-ed3a-4fcf-97db-084f3149a9c1","207 (УЛК-17)","207 (УЛК-17)","5ffba766-5594-40bc-81e6-e59035c1d555",64,64
fa534e08-99e8-4d5f-acf3-1cadf2f44e4a,"6767b27f-ed3a-4fcf-97db-084f3149a9c1","208 (УЛК-17)","208 (УЛК-17)","5ffba766-5594-40bc-81e6-e59035c1d555",40,40
fdfef97f-4980-4f6f-879c-8edde460dc69,"6767b27f-ed3a-4fcf-97db-084f3149a9c1","209 (УЛК-17)","209 (УЛК-17)","5ffba766-5594-40bc-81e6-e59035c1d555",36,36
"89310aa1-5d18-4cb6-8d25-ccff1829e963","6767b27f-ed3a-4fcf-97db-084f3149a9c1","303 (УЛК-17)","303 (УЛК-17)","403564e3-f242-4a49-aeb5-e6d3289e18a4",16,16
"904e75f9-2f0b-4b2c-917f-af0c98198a36","6767b27f-ed3a-4fcf-97db-084f3149a9c1","304 (УЛК-17)","304 (УЛК-17)","403564e3-f242-4a49-aeb5-e6d3289e18a4",19,19
"505f8a0e-21cb-409e-9569-28d638f54418","6767b27f-ed3a-4fcf-97db-084f3149a9c1","310 (УЛК-17)","310 (УЛК-17)","21ddaf85-6546-4f57-b52d-815a3265b525",20,20
"61a5cd06-9a1b-4afa-acd1-a0d857afd453","6767b27f-ed3a-4fcf-97db-084f3149a9c1","313 (УЛК-17)","313 (УЛК-17)",b5e5e2dc-1758-4978-b717-1905d043c900,90,90
"556db426-0d9c-4f11-83db-7d8694db753b","6767b27f-ed3a-4fcf-97db-084f3149a9c1","501 (УЛК-17)","501 (УЛК-17)",lef59ca5-3874-4b3e-b1cd-3c927f973e54,20,20
c31738ea-e8ba-4b94-8d13-cab906654db2,"6767b27f-ed3a-4fcf-97db-084f3149a9c1","503 (УЛК-17)","503 (УЛК-17)","21ddaf85-6546-4f57-b52d-815a3265b525",16,16
e3bd75bb-7909-4c4a-9b62-d3631a6696f3,"6767b27f-ed3a-4fcf-97db-084f3149a9c1","505 (УЛК-17)","505 (УЛК-17)","21ddaf85-6546-4f57-b52d-815a3265b525",17,17
"09310aa1-5d18-4cb6-8d25-ccff1829e923","6767b27f-ed3a-4fcf-97db-084f3149a9c1","603 (УЛК-17)","603 (УЛК-17)","403564e3-f242-4a49-aeb5-e6d3289e18a4",10,10
"1c122c4e-213b-4f4a-be8e-688b5d328d4e","6b16a257-35a1-41f0-8632-bf4dc355fdf5","105 (УЛК-04)","105 (УЛК-04)","0d37a3cd-685e-48a1-a30e-59079d393c11",0,0
"3609d7ef-c423-40da-8283-494629e2758c","6b16a257-35a1-41f0-8632-bf4dc355fdf5","108 (УЛК-04)","108 (УЛК-04)",b30af296-fd6c-4498-ba0d-786bcdb7bb0d,0,0
"4354aae6-78e4-411d-a701-1d4b78ba4083","6b16a257-35a1-41f0-8632-bf4dc355fdf5","110 (УЛК-04)","110 (УЛК-04)","0d37a3cd-685e-48a1-a30e-59079d393c11",0,0
"7ccfa212-057c-48ec-a4fe-822274bc30b8","6b16a257-35a1-41f0-8632-bf4dc355fdf5","112 (УЛК-04)","112 (УЛК-04)","5ffba766-5594-40bc-81e6-e59035c1d555",62,62
"6a359286-fdbc-4d0a-9001-e829def2c602","6b16a257-35a1-41f0-8632-bf4dc355fdf5","113 (УЛК-04)","113 (УЛК-04)","1d7a2325-88b2-4b64-861b-3bef3cc2e746",60,60
"07a92c1c-35c6-451e-a503-e2a7269e8f70","6b16a257-35a1-41f0-8632-bf4dc355fdf5","115 (УЛК-04)","115 (УЛК-04)",dc6f1e93-3e6e-4087-be33-ab94f32ef968,29,29
a2ea7263-c60f-49be-8aff-f0ead9ec65d5,"6b16a257-35a1-41f0-8632-bf4dc355fdf5","116 (УЛК-04)","116 (УЛК-04)",e1f4f429-52de-481d-9ba9-a38f82f62ff2,0,0
"119b545d-c2fb-4a8a-aa36-0edbd29adae1","6b16a257-35a1-41f0-8632-bf4dc355fdf5","117 (УЛК-04)","117 (УЛК-04)",dc6f1e93-3e6e-4087-be33-ab94f32ef968,21,21
c3ec582d-f213-4ec0-9c4b-75c371947dca,"6b16a257-35a1-41f0-8632-bf4dc355fdf5","118 (УЛК-04)","118 (УЛК-04)",dc6f1e93-3e6e-4087-be33-ab94f32ef968,14,14
"386db426-0d9c-4f11-83db-7d8694db75bc","6b16a257-35a1-41f0-8632-bf4dc355fdf5","119 (УЛК-04)","119 (УЛК-04)","403564e3-f242-4a49-aeb5-e6d3289e18a4",50,50
"36224d65-7310-4970-87b9-be8f32d133d9","6b16a257-35a1-41f0-8632-bf4dc355fdf5","120 (УЛК-04)","120 (УЛК-04)","5ffba766-5594-40bc-81e6-e59035c1d555",46,46
e5fa31df-6c7e-4b10-a967-076c438e583e,"6b16a257-35a1-41f0-8632-bf4dc355fdf5","121 (УЛК-04)","121 (УЛК-04)","403564e3-f242-4a49-aeb5-e6d3289e18a4",52,52
"044656da-b184-4156-839c-2b342835d77a","6b16a257-35a1-41f0-8632-bf4dc355fdf5","122 (УЛК-04)","122 (УЛК-04)",b30af296-fd6c-4498-ba0d-786bcdb7bb0d,0,0
aec52212-8bb3-4b7b-97ff-a90bb262cb4c,"6b16a257-35a1-41f0-8632-bf4dc355fdf5","124 (УЛК-04)","124 (УЛК-04)",e1f4f429-52de-481d-9ba9-a38f82f62ff2,0,0
b8ca98b5-bd56-416a-91d8-662f5924b14d,"6b16a257-35a1-41f0-8632-bf4dc355fdf5","126 (УЛК-04)","126 (УЛК-04)","403564e3-f242-4a49-aeb5-e6d3289e18a4",42,42
cfcf8eb5-0352-4f3a-9be8-2901cf5a3988,"6b16a257-35a1-41f0-8632-bf4dc355fdf5","201 (УЛК-04)","201 (УЛК-04)","371e8779-7f2d-4149-871a-e7f409c78a36",0,0
a8f22dd4-749b-459f-af6a-8ace1a147c3e,"6b16a257-35a1-41f0-8632-bf4dc355fdf5","202 (УЛК-04)","202 (УЛК-04)","403564e3-f242-4a49-aeb5-e6d3289e18a4",24,24
"118f6733-4aa7-4aa5-a2f9-44a36180378f","6b16a257-35a1-41f0-8632-bf4dc355fdf5","203 (УЛК-04)","203 (УЛК-04)","371e8779-7f2d-4149-871a-e7f409c78a36",0,0
"852abd76-0c2b-4b9e-8327-42059ddb36e6","6b16a257-35a1-41f0-8632-bf4dc355fdf5","204 (УЛК-04)","204 (УЛК-04)","403564e3-f242-4a49-aeb5-e6d3289e18a4",22,22
a47f9c59-eccd-48e7-acf3-f30a1e53987e,"6b16a257-35a1-41f0-8632-bf4dc355fdf5","205 (УЛК-04)","205 (УЛК-04)","5ffba766-5594-40bc-81e6-e59035c1d555",76,76
e5719794-ef63-453b-a8d5-fafd35bc5016,"6b16a257-35a1-41f0-8632-bf4dc355fdf5","206 (УЛК-04)","206 (УЛК-04)","403564e3-f242-4a49-aeb5-e6d3289e18a4",36,36
"487e9c11-ef12-47e1-a6cc-6f4a0336431f","6b16a257-35a1-41f0-8632-bf4dc355fdf5","207 (УЛК-04)","207 (УЛК-04)","5ffba766-5594-40bc-81e6-e59035c1d555",76,76
b265723a-7fe9-41a2-9f77-d69077efabd1,"6b16a257-35a1-41f0-8632-bf4dc355fdf5","209 (УЛК-04)","209 (УЛК-04)","5ffba766-5594-40bc-81e6-e59035c1d555",98,98
d336b144-e9cf-4bd8-aca7-235ab60eb2de,"6b16a257-35a1-41f0-8632-bf4dc355fdf5","211 (УЛК-04)","211 (УЛК-04)","403564e3-f242-4a49-aeb5-e6d3289e18a4",18,18
ed0934b1-656a-4a3e-a3a2-ce6d01734a84,"6b16a257-35a1-41f0-8632-bf4dc355fdf5","215 (УЛК-04)","215 (УЛК-04)","403564e3-f242-4a49-aeb5-e6d3289e18a4",42,42
"6764054a-186a-4af6-85cd-bd123958cf02","6b16a257-35a1-41f0-8632-bf4dc355fdf5","216 (УЛК-04)","216 (УЛК-04)","5ffba766-5594-40bc-81e6-e59035c1d555",42,42
a5be3cfe-6d27-4f25-9030-a81a94590190,"6b16a257-35a1-41f0-8632-bf4dc355fdf5","217 (УЛК-04)","217 (УЛК-04)","5ffba766-5594-40bc-81e6-e59035c1d555",100,100
ecb63ccf-7117-4dd3-86b6-e175aafbcea6,"6b16a257-35a1-41f0-8632-bf4dc355fdf5","218 (УЛК-04)","218 (УЛК-04)","5ffba766-5594-40bc-81e6-e59035c1d555",54,54
"1a8b5fbc-5a43-434b-9644-f0b28653e494","6b16a257-35a1-41f0-8632-bf4dc355fdf5","220 (УЛК-04)","220 (УЛК-04)","5ffba766-5594-40bc-81e6-e59035c1d555",42,42
"6c27980e-5566-47de-ad09-cc04d96552d5","6b16a257-35a1-41f0-8632-bf4dc355fdf5","222 (УЛК-04)","222 (УЛК-04)","5ffba766-5594-40bc-81e6-e59035c1d555",42,42
"4d97ef98-8516-43b9-95ee-1a2fc2f727c0","6b16a257-35a1-41f0-8632-bf4dc355fdf5","224 (УЛК-04)","224 (УЛК-04)","5ffba766-5594-40bc-81e6-e59035c1d555",56,56
b6547f8f-4d53-4dac-bb5e-bc1ce4f9834e,"6b16a257-35a1-41f0-8632-bf4dc355fdf5","302 (УЛК-04)","302 (УЛК-04)","403564e3-f242-4a49-aeb5-e6d3289e18a4",26,26
"45ba3e3b-16ed-45fb-9c0c-cd8c14b1703e","6b16a257-35a1-41f0-8632-bf4dc355fdf5","305 (УЛК-04)","305 (УЛК-04)",fab4b802-76eb-4b51-8a41-22bd480d3b01,0,0
eb028bfb-423f-4c42-ba09-e14bf6d61ec4,"6b16a257-35a1-41f0-8632-bf4dc355fdf5","307 (УЛК-04)","307 (УЛК-04)",fab4b802-76eb-4b51-8a41-22bd480d3b01,0,0
dc27d335-47b1-4299-95c8-8df68c8ba5ad,"6b16a257-35a1-41f0-8632-bf4dc355fdf5","309 (УЛК-04)","309 (УЛК-04)",f43e9d2b-cc62-4cfb-9be9-cc0f2c4e451c,0,0
f8c439e0-44b4-449e-ade8-0daebaace12d,"6b16a257-35a1-41f0-8632-bf4dc355fdf5","311 (УЛК-04)","311 (УЛК-04)",f43e9d2b-cc62-4cfb-9be9-cc0f2c4e451c,0,0
b86db426-0d9c-4f11-83db-7d8694db75bb,"6b16a257-35a1-41f0-8632-bf4dc355fdf5","312 (УЛК-04)","312 (УЛК-04)","403564e3-f242-4a49-aeb5-e6d3289e18a4",18,18
bc8f6f61-af14-4b02-ace1-8890578064ed,"6b16a257-35a1-41f0-8632-bf4dc355fdf5","313 (УЛК-04)","313 (УЛК-04)","0c4bcf23-d0f3-44ea-83ca-4b7d16109ed7",0,0
b86db426-0d9c-re11-83db-7d8694db75qw,"6b16a257-35a1-41f0-8632-bf4dc355fdf5","314 (УЛК-04)","314 (УЛК-04)","403564e3-f242-4a49-aeb5-e6d3289e18a4",24,24
"772acfa1-9a78-4c9c-bde0-97220f1443b2","6b16a257-35a1-41f0-8632-bf4dc355fdf5","314 (УЛК-04)","314 (УЛК-04)","99886d1b-f314-4e26-8b6f-2420d1509e25",0,0
"0e3b3c6e-4f97-4f65-8b7a-a009913a430c","6b16a257-35a1-41f0-8632-bf4dc355fdf5","315 (УЛК-04)","315 (УЛК-04)","5ffba766-5594-40bc-81e6-e59035c1d555",128,128
"56caad17-3d47-4fe4-a73f-16119df75a3b","6b16a257-35a1-41f0-8632-bf4dc355fdf5","316 (УЛК-04)","316 (УЛК-04)","99886d1b-f314-4e26-8b6f-2420d1509e25",0,0
bba7721a-0037-4dec-988d-0bc9d2ad0b4b,"6b16a257-35a1-41f0-8632-bf4dc355fdf5","318 (УЛК-04)","318 (УЛК-04)","403564e3-f242-4a49-aeb5-e6d3289e18a4",44,44
"8dcbd51f-71c6-4f97-8ef5-5f258dbca1f5","6b16a257-35a1-41f0-8632-bf4dc355fdf5","319 (УЛК-04)","319 (УЛК-04)","5ffba766-5594-40bc-81e6-e59035c1d555",132,132
ff8740b5-c30b-4a84-a058-9c70bf9780f8,"6b16a257-35a1-41f0-8632-bf4dc355fdf5","320 (УЛК-04)","320 (УЛК-04)","5ffba766-5594-40bc-81e6-e59035c1d555",46,46
"13d39862-bf6e-4a5b-bfb7-a10ef28c8a5e","6b16a257-35a1-41f0-8632-bf4dc355fdf5","321 (УЛК-04)","321 (УЛК-04)","403564e3-f242-4a49-aeb5-e6d3289e18a4",16,16
"7ae528b9-e0dc-47d4-bfe8-6ebfaa94248c","6b16a257-35a1-41f0-8632-bf4dc355fdf5","322 (УЛК-04)","322 (УЛК-04)","403564e3-f242-4a49-aeb5-e6d3289e18a4",40,40
"7d8a7d5f-3d98-4753-8a7c-afd44671d852","6b16a257-35a1-41f0-8632-bf4dc355fdf5","324 (УЛК-04)","324 (УЛК-04)",dc6f1e93-3e6e-4087-be33-ab94f32ef968,34,34
"5036f424-c5e7-4b1b-92a0-6fd69d2b88c5","6b16a257-35a1-41f0-8632-bf4dc355fdf5","326 (УЛК-04)","326 (УЛК-04)",dc6f1e93-3e6e-4087-be33-ab94f32ef968,42,42
d4c3ebfa-38d5-4f35-9586-14008cd51c77,"6b16a257-35a1-41f0-8632-bf4dc355fdf5","402 (УЛК-04)","402 (УЛК-04)","403564e3-f242-4a49-aeb5-e6d3289e18a4",24,24
b9640074-c9e9-4205-b0dd-b03563175c7d,"6b16a257-35a1-41f0-8632-bf4dc355fdf5","403 (УЛК-04)","403 (УЛК-04)","403564e3-f242-4a49-aeb5-e6d3289e18a4",26,26
ed11e319-b6b1-4cc7-bfde-51c9f1992207,"6b16a257-35a1-41f0-8632-bf4dc355fdf5","404 (УЛК-04)","404 (УЛК-04)","403564e3-f242-4a49-aeb5-e6d3289e18a4",22,22
b1f20110-11a3-40e1-b947-8c2d07eb15b5,"6b16a257-35a1-41f0-8632-bf4dc355fdf5","405 (УЛК-04)","405 (УЛК-04)",dc6f1e93-3e6e-4087-be33-ab94f32ef968,18,18
"473db920-6b75-424d-b6f9-6c49a1c3d7a4","6b16a257-35a1-41f0-8632-bf4dc355fdf5","406 (УЛК-04)","406 (УЛК-04)","403564e3-f242-4a49-aeb5-e6d3289e18a4",26,26
e011f295-671b-4257-9225-862770e44e23,"6b16a257-35a1-41f0-8632-bf4dc355fdf5","407 (УЛК-04)","407 (УЛК-04)","403564e3-f242-4a49-aeb5-e6d3289e18a4",22,22
"7b744db3-793a-48bd-b8f8-47412908ee4b","6b16a257-35a1-41f0-8632-bf4dc355fdf5","409 (УЛК-04)","409 (УЛК-04)",dc6f1e93-3e6e-4087-be33-ab94f32ef968,19,19
"7014080d-42b6-4630-88df-23a5e1169e63","6b16a257-35a1-41f0-8632-bf4dc355fdf5","410 (УЛК-04)","410 (УЛК-04)","403564e3-f242-4a49-aeb5-e6d3289e18a4",18,18
"56e4fb38-7d50-4989-8507-be48787041f9","6b16a257-35a1-41f0-8632-bf4dc355fdf5","411 (УЛК-04)","411 (УЛК-04)",dc6f1e93-3e6e-4087-be33-ab94f32ef968,32,32
"8fadcb73-b507-4ff3-a860-d61f0e816330","6b16a257-35a1-41f0-8632-bf4dc355fdf5","413 (УЛК-04)","413 (УЛК-04)",dc6f1e93-3e6e-4087-be33-ab94f32ef968,30,30
"9b937201-9234-46a9-abbc-43c1a7bebdeb","6b16a257-35a1-41f0-8632-bf4dc355fdf5","416 (УЛК-04)","416 (УЛК-04)","403564e3-f242-4a49-aeb5-e6d3289e18a4",32,32
"7bf7b574-b683-4b68-aa06-1452df1a1b43","6b16a257-35a1-41f0-8632-bf4dc355fdf5","417 (УЛК-04)","417 (УЛК-04)","403564e3-f242-4a49-aeb5-e6d3289e18a4",16,16
"9779441e-4df7-4865-b012-9fc8806a9eb3","6b16a257-35a1-41f0-8632-bf4dc355fdf5","418 (УЛК-04)","418 (УЛК-04)","403564e3-f242-4a49-aeb5-e6d3289e18a4",24,24
ffe6b5b1-03de-4043-9a13-970b0966a577,"6b16a257-35a1-41f0-8632-bf4dc355fdf5","419 (УЛК-04)","419 (УЛК-04)","403564e3-f242-4a49-aeb5-e6d3289e18a4",31,31
d60d8592-da72-4862-bde4-0f902a913078,"6b16a257-35a1-41f0-8632-bf4dc355fdf5","420 (УЛК-04)","420 (УЛК-04)","403564e3-f242-4a49-aeb5-e6d3289e18a4",22,22
"8ad974ed-7a78-4710-9bc7-4ff0d050a0c0","6b16a257-35a1-41f0-8632-bf4dc355fdf5","421 (УЛК-04)","421 (УЛК-04)","99886d1b-f314-4e26-8b6f-2420d1509e25",20,20
"58e9b12f-7ccf-434c-b668-21d886dbf147","6b16a257-35a1-41f0-8632-bf4dc355fdf5","423 (УЛК-04)","423 (УЛК-04)","403564e3-f242-4a49-aeb5-e6d3289e18a4",28,28
"8128cbb5-19ca-4e7d-a6b8-adc1ec6bf95a","6b16a257-35a1-41f0-8632-bf4dc355fdf5","424 (УЛК-04)","424 (УЛК-04)","403564e3-f242-4a49-aeb5-e6d3289e18a4",22,22
"1c461ca5-97e6-40ae-a6e3-daaa00b1cd8b","6b16a257-35a1-41f0-8632-bf4dc355fdf5","426 (УЛК-04)","426 (УЛК-04)","403564e3-f242-4a49-aeb5-e6d3289e18a4",25,25
"10bbf9a4-9f92-4295-8f1d-db96d1b82e28","6b16a257-35a1-41f0-8632-bf4dc355fdf5","428 (УЛК-04)","428 (УЛК-04)","403564e3-f242-4a49-aeb5-e6d3289e18a4",24,24
"4898cdb9-0c5f-4bb9-9c06-01adf5b37463","6b16a257-35a1-41f0-8632-bf4dc355fdf5",L 300 (УЛК-04),L 300 (УЛК-04),"5ffba766-5594-40bc-81e6-e59035c1d555",156,156
"785db426-0d9c-re11-83db-7d8694db75q3","782189ad-3de6-4e1b-9f15-b6632fdb6143","102 (УЛК-06)","102 (УЛК-06)","5ffba766-5594-40bc-81e6-e59035c1d555",50,50
"76422862-ddda-4f2f-9b97-00b4dfe173c8","782189ad-3de6-4e1b-9f15-b6632fdb6143","103 (УЛК-06)","103 (УЛК-06)","21ddaf85-6546-4f57-b52d-815a3265b525",20,20
f9b511e0-66df-4079-a312-1ead18d11b9d,"782189ad-3de6-4e1b-9f15-b6632fdb6143","105 (УЛК-06)","105 (УЛК-06)","7a475375-2d54-42da-9b02-4791db0a9fa9",0,0
"72b0cc45-4a60-47a0-9272-1fd0282f9b35","782189ad-3de6-4e1b-9f15-b6632fdb6143","106 (УЛК-06)","106 (УЛК-06)","21ddaf85-6546-4f57-b52d-815a3265b525",6,6
"69b1f2be-6a65-4ca5-9a02-c924a0b24da7","782189ad-3de6-4e1b-9f15-b6632fdb6143","107 (УЛК-06)","107 (УЛК-06)","21ddaf85-6546-4f57-b52d-815a3265b525",20,20
"7226f3cb-db72-4215-af54-ec75ec69bc8c","782189ad-3de6-4e1b-9f15-b6632fdb6143","111 (УЛК-06)","111 (УЛК-06)","21ddaf85-6546-4f57-b52d-815a3265b525",18,18
b7fd0294-427b-4e43-bb05-d2363f5ec5c0,"782189ad-3de6-4e1b-9f15-b6632fdb6143","201 (УЛК-06)","201 (УЛК-06)",dfd901d6-3dd3-43c8-acc9-d616da525ad7,30,30
"186db426-0d9c-4f11-83db-7d8694db75b4","782189ad-3de6-4e1b-9f15-b6632fdb6143","202 (УЛК-06)","202 (УЛК-06)","7f576568-30b2-4f41-8b82-f21c75b2cd1b",0,0
c0cd5287-39e9-4a49-b0d2-08da5332c089,"782189ad-3de6-4e1b-9f15-b6632fdb6143","203 (УЛК-06)","203 (УЛК-06)",dc6f1e93-3e6e-4087-be33-ab94f32ef968,18,18
"9ba9decf-a82c-4831-a8c1-222bc26068ba","782189ad-3de6-4e1b-9f15-b6632fdb6143","204 (УЛК-06)","204 (УЛК-06)","21ddaf85-6546-4f57-b52d-815a3265b525",24,24
"93f6e79f-853b-4f1d-bcda-25572d72a9e5","782189ad-3de6-4e1b-9f15-b6632fdb6143","205 (УЛК-06)","205 (УЛК-06)","403564e3-f242-4a49-aeb5-e6d3289e18a4",30,30
b769b188-9a8d-46ce-82f4-855a77cd4ba5,"782189ad-3de6-4e1b-9f15-b6632fdb6143","206 (УЛК-06)","206 (УЛК-06)","21ddaf85-6546-4f57-b52d-815a3265b525",30,30
"3fb46bc2-53dc-4eeb-95a5-66cc83660145","782189ad-3de6-4e1b-9f15-b6632fdb6143","208 (УЛК-06)","208 (УЛК-06)","5ffba766-5594-40bc-81e6-e59035c1d555",90,90
"78ba6b87-46b1-4e1f-8458-5e6c0e3dd4dd","782189ad-3de6-4e1b-9f15-b6632fdb6143","209 (УЛК-06)","209 (УЛК-06)","5ffba766-5594-40bc-81e6-e59035c1d555",50,50
ghtdb426-0d9c-re11-83db-7d8694db75qr,"782189ad-3de6-4e1b-9f15-b6632fdb6143","212 (УЛК-06)","212 (УЛК-06)","7f576568-30b2-4f41-8b82-f21c75b2cd1b",20,20
"55f998df-82cc-42cc-a1a8-1c392c49b36d","782189ad-3de6-4e1b-9f15-b6632fdb6143","301 (УЛК-06)","301 (УЛК-06)","21ddaf85-6546-4f57-b52d-815a3265b525",16,16
"4d763996-0e33-4f33-bc91-bba764b52a0b","782189ad-3de6-4e1b-9f15-b6632fdb6143","302 (УЛК-06)","302 (УЛК-06)",dfd901d6-3dd3-43c8-acc9-d616da525ad7,16,16
"9d9e6876-4bf6-4198-ba76-52a71a09b5bb","782189ad-3de6-4e1b-9f15-b6632fdb6143","303 (УЛК-06)","303 (УЛК-06)","21ddaf85-6546-4f57-b52d-815a3265b525",22,22
"6f4ba655-dcd6-41b8-aff0-e33ed3359a98","782189ad-3de6-4e1b-9f15-b6632fdb6143","305 (УЛК-06)","305 (УЛК-06)","21ddaf85-6546-4f57-b52d-815a3265b525",27,27
f81d303a-b56f-4281-9e7c-468da7cb8d7c,"782189ad-3de6-4e1b-9f15-b6632fdb6143","306 (УЛК-06)","306 (УЛК-06)","403564e3-f242-4a49-aeb5-e6d3289e18a4",30,30
a547b44d-55b3-47f1-a23c-0a71fd561f36,"782189ad-3de6-4e1b-9f15-b6632fdb6143","307 (УЛК-06)","307 (УЛК-06)","5ffba766-5594-40bc-81e6-e59035c1d555",32,32
"11a8d01c-1e8a-48c1-a33f-e7a8867092aa","782189ad-3de6-4e1b-9f15-b6632fdb6143","308 (УЛК-06)","308 (УЛК-06)","21ddaf85-6546-4f57-b52d-815a3265b525",20,20
"8cf16536-8a8d-4a92-97a6-39626504a927","782189ad-3de6-4e1b-9f15-b6632fdb6143","309 (УЛК-06)","309 (УЛК-06)","21ddaf85-6546-4f57-b52d-815a3265b525",18,18
"969183ad-c76a-4053-8b46-9246c3579b8c","782189ad-3de6-4e1b-9f15-b6632fdb6143","313 (УЛК-06)","313 (УЛК-06)","8b6765df-5c31-4a6e-9611-a74451ace39d",0,0
"3aa6907f-f75f-4285-a8bb-6fc9f563ceac","782189ad-3de6-4e1b-9f15-b6632fdb6143","403 (УЛК-06)","403 (УЛК-06)",dc6f1e93-3e6e-4087-be33-ab94f32ef968,18,18
"6963bf17-742a-408c-9e7a-93268b584f8b","782189ad-3de6-4e1b-9f15-b6632fdb6143","404 (УЛК-06)","404 (УЛК-06)","21ddaf85-6546-4f57-b52d-815a3265b525",21,21
"23ff80da-032f-462a-b330-239dbaade3ff","782189ad-3de6-4e1b-9f15-b6632fdb6143","405 (УЛК-06)","405 (УЛК-06)","21ddaf85-6546-4f57-b52d-815a3265b525",34,34
"22ce9dfe-7b60-4799-ba0a-6060619fa683","782189ad-3de6-4e1b-9f15-b6632fdb6143","406 (УЛК-06)","406 (УЛК-06)","403564e3-f242-4a49-aeb5-e6d3289e18a4",30,30
bd3179bc-0b97-477f-8c9a-b129188f217e,"782189ad-3de6-4e1b-9f15-b6632fdb6143","407 (УЛК-06)","407 (УЛК-06)",e65b3054-4734-45ca-a796-53ed13c86449,0,0
ffa27b0c-3274-4fdb-91da-04c8806f25e7,"782189ad-3de6-4e1b-9f15-b6632fdb6143","408 (УЛК-06)","408 (УЛК-06)","21ddaf85-6546-4f57-b52d-815a3265b525",20,20
daaed910-d988-4090-812f-c01ef4b4c8a5,"782189ad-3de6-4e1b-9f15-b6632fdb6143","409 (УЛК-06)","409 (УЛК-06)","5ffba766-5594-40bc-81e6-e59035c1d555",50,50
f847aae4-258c-4d06-9a5c-afd99a14aefc,"782189ad-3de6-4e1b-9f15-b6632fdb6143",читальный зал (УЛК-06),читальный зал (УЛК-06),"5ffba766-5594-40bc-81e6-e59035c1d555",60,60
b927cc87-2845-41fb-a99b-45c3be73cf0e,"83829a05-807c-482e-a33d-83a37d967760","314 (УЛК-12)","314 (УЛК-12)","48478c03-2e6c-4b62-ada9-06926ad11ed4",138,138
"666d508b-b600-47b5-aba7-723d1d090ed5",b254d25d-51e9-4de9-ab30-9e22fba8c1bf,"109 (УЛК-07 СК)","109 (УЛК-07 СК)",c7dbf211-79d3-4e89-b012-11bd4ae1b548,60,60
f26e111c-bf58-43d5-9bfd-492711582ba6,b254d25d-51e9-4de9-ab30-9e22fba8c1bf,"201 (УЛК-07 СК)","201 (УЛК-07 СК)",a7f43952-7f33-4f15-9476-a5005cdbdd73,60,60
d86f6e2e-4488-4acc-bd8c-d74bde33c1bb,b254d25d-51e9-4de9-ab30-9e22fba8c1bf,"209 (УЛК-07 СК)","209 (УЛК-07 СК)","403564e3-f242-4a49-aeb5-e6d3289e18a4",12,12
"30a48e9c-3842-458f-8452-ec7fb9e7aca6",b254d25d-51e9-4de9-ab30-9e22fba8c1bf,"210 (УЛК-07 СК)","210 (УЛК-07 СК)",dc6f1e93-3e6e-4087-be33-ab94f32ef968,18,18
c81eeb61-f9b2-43a5-acd0-f0edaa733091,b254d25d-51e9-4de9-ab30-9e22fba8c1bf,"212 (УЛК-07 СК)","212 (УЛК-07 СК)","57c8b3f9-54f6-4562-8c52-8b132fedfbb7",40,40
a17472c1-3689-428e-a7c9-7b722e0fb4d0,b254d25d-51e9-4de9-ab30-9e22fba8c1bf,"216 (УЛК-07 СК)","216 (УЛК-07 СК)",ce6ac2a8-4fc7-4e21-8d9b-0d92ddf6c8a6,60,60
"4fc3df0c-0b6f-492a-beff-2bee097bdfbe",b254d25d-51e9-4de9-ab30-9e22fba8c1bf,"219 (УЛК-07 СК)","219 (УЛК-07 СК)","33a56150-db63-438b-868f-8b806434b9bb",60,60
"5b1d6014-7a7c-4533-b9ec-1e0cb97159fd",b254d25d-51e9-4de9-ab30-9e22fba8c1bf,"301 (УЛК-07 СК)","301 (УЛК-07 СК)","1930a837-919b-4730-84ef-e40eca16e773",60,60
bcc1b263-a662-4c39-816d-94eef5e5b23a,b254d25d-51e9-4de9-ab30-9e22fba8c1bf,"302 (УЛК-07 СК)","302 (УЛК-07 СК)","403564e3-f242-4a49-aeb5-e6d3289e18a4",10,10
"73fc04a8-b2d8-4549-848b-bf1bf83989b6",b254d25d-51e9-4de9-ab30-9e22fba8c1bf,"303 (УЛК-07 СК)","303 (УЛК-07 СК)",qff59ca5-3874-4b3e-b1cd-3c927f973e55,5,5
"07dda7e3-976e-4916-832d-4b903be28e13",b254d25d-51e9-4de9-ab30-9e22fba8c1bf,"304 (УЛК-07 СК)","304 (УЛК-07 СК)","5e30d6a5-e3df-4729-a5a3-30b9b3d83ba8",60,60
e45db426-0d9c-4f11-83db-7d8694db75cf,b6d359e4-c3f1-11e9-aa8c-2a2ae2dbcce4,"102 (УЛК-10/Т9)","102 (УЛК-10/Т9)","403564e3-f242-4a49-aeb5-e6d3289e18a4",27,27
fa14d97a-9460-477d-8402-c385933078b5,b6d359e4-c3f1-11e9-aa8c-2a2ae2dbcce4,"201 (УЛК-10/Т9)","201 (УЛК-10/Т9)",c552be14-e793-4ded-ace3-75d943c0261e,18,18
d475d6cf-6f58-49f5-9322-6c7a74ee0785,b6d359e4-c3f1-11e9-aa8c-2a2ae2dbcce4,"202 (УЛК-10/Т9)","202 (УЛК-10/Т9)","38c808c9-3584-4eb5-8abd-f8607e84c3d9",25,25
"3c81390e-68b8-4b9b-a3ca-c067bd9acbb4",b6d359e4-c3f1-11e9-aa8c-2a2ae2dbcce4,"203 (УЛК-10/Т9)","203 (УЛК-10/Т9)","403564e3-f242-4a49-aeb5-e6d3289e18a4",27,27
daae723e-4848-4605-a739-9e06b62335f4,bc3d1227-f7b7-43bd-be5c-36e0694fca75,"102 (УЛК-16)","102 (УЛК-16)",bb0bd686-aaff-423d-8201-bfd3dd06652f,15,15
"2d1efaee-a18f-41e1-b7ee-fef5e6fcc6e1",bc3d1227-f7b7-43bd-be5c-36e0694fca75,"106 (УЛК-16)","106 (УЛК-16)","5ffba766-5594-40bc-81e6-e59035c1d555",60,60
"5649c9bc-99b2-4393-baea-e6e08e71dd4d",bc3d1227-f7b7-43bd-be5c-36e0694fca75,"110 (УЛК-16)","110 (УЛК-16)",bb0bd686-aaff-423d-8201-bfd3dd06652f,20,20
f7b15f95-0245-4dbe-bc3b-73064c345778,bc3d1227-f7b7-43bd-be5c-36e0694fca75,"111 (УЛК-16)","111 (УЛК-16)","1ede8656-c3bd-4ff2-9d02-39de8d5bcf81",30,30
"63587608-1071-4205-ac79-6f453c0139d6",bc3d1227-f7b7-43bd-be5c-36e0694fca75,"112 (УЛК-16)","112 (УЛК-16)",d7bd4005-478d-4bdb-a2ed-e7f755fbe44d,2,2
"811c327d-dee2-40c9-8cbe-b0639b98c4c3",bc3d1227-f7b7-43bd-be5c-36e0694fca75,"113 (УЛК-16)","113 (УЛК-16)",fff59ca5-3874-4b3e-b1cd-3c927f973e06,15,15
"2823e178-a9ca-4773-b8cd-bd894084b02a",bc3d1227-f7b7-43bd-be5c-36e0694fca75,"119 (УЛК-16)","119 (УЛК-16)",d6eeda10-cf75-4feb-a2e6-3e5d36ffd512,0,0
a07e9fd1-76c4-43a6-88fb-ab5ce1dbd732,bc3d1227-f7b7-43bd-be5c-36e0694fca75,"125 (УЛК-16)","125 (УЛК-16)","403564e3-f242-4a49-aeb5-e6d3289e18a4",18,18
"730773fd-c985-4ec5-82d5-19edb3529f0c",bc3d1227-f7b7-43bd-be5c-36e0694fca75,"126 (УЛК-16)","126 (УЛК-16)","6ab04f40-8735-4819-b9d0-b624924e30d6",15,15
"0d298ec4-805b-405d-a0bc-9463232379cf",bc3d1227-f7b7-43bd-be5c-36e0694fca75,"201 (УЛК-16)","201 (УЛК-16)","5ffba766-5594-40bc-81e6-e59035c1d555",40,40
b47f3f86-08fe-4531-95a5-56e60a4672a7,bc3d1227-f7b7-43bd-be5c-36e0694fca75,"203 (УЛК-16)","203 (УЛК-16)",b5e5e2dc-1758-4978-b717-1905d043c900,36,36
"201b981b-6022-44dd-a243-bf5a5de1f2da",bc3d1227-f7b7-43bd-be5c-36e0694fca75,"210 (УЛК-16)","210 (УЛК-16)","3cb5723b-e6b7-4343-ae4b-ca24f601e856",12,12
a93102c0-4b52-4e3e-81f0-34a8d09cdf5c,bc3d1227-f7b7-43bd-be5c-36e0694fca75,"211 (УЛК-16)","211 (УЛК-16)","5ffba766-5594-40bc-81e6-e59035c1d555",48,48
"5d1b3245-b89a-4e38-97f9-9840b9604842",bc3d1227-f7b7-43bd-be5c-36e0694fca75,"212 (УЛК-16)","212 (УЛК-16)","403564e3-f242-4a49-aeb5-e6d3289e18a4",40,40
"45b5fbc6-a455-4a15-a5b4-5834ac8230c9",bc3d1227-f7b7-43bd-be5c-36e0694fca75,"215 (УЛК-16)","215 (УЛК-16)","5ffba766-5594-40bc-81e6-e59035c1d555",48,48
"9f426a97-8e78-441c-a113-90f75f8e2c37",bc3d1227-f7b7-43bd-be5c-36e0694fca75,"216 (УЛК-16)","216 (УЛК-16)","403564e3-f242-4a49-aeb5-e6d3289e18a4",40,40
e1bc26e6-3865-4250-a76b-2b964e022d46,bc3d1227-f7b7-43bd-be5c-36e0694fca75,"217 (УЛК-16)","217 (УЛК-16)","5ffba766-5594-40bc-81e6-e59035c1d555",40,40
"54b24296-5877-4360-9471-87185c89fadf",bc3d1227-f7b7-43bd-be5c-36e0694fca75,"222 (УЛК-16)","222 (УЛК-16)","403564e3-f242-4a49-aeb5-e6d3289e18a4",22,22
"5888b843-44e0-442e-8dc3-b82b197d623f",bc3d1227-f7b7-43bd-be5c-36e0694fca75,"226 (УЛК-16)","226 (УЛК-16)","403564e3-f242-4a49-aeb5-e6d3289e18a4",48,48
e551b38c-06c2-48ef-a069-dadbcf7a3498,bc3d1227-f7b7-43bd-be5c-36e0694fca75,"227 (УЛК-16)","227 (УЛК-16)","34a0f296-c795-4f0e-894d-eb51d1a2dd51",12,12
"91d3ba04-2777-4189-9e35-3b718108a335",bc3d1227-f7b7-43bd-be5c-36e0694fca75,"228 (УЛК-16)","228 (УЛК-16)","403564e3-f242-4a49-aeb5-e6d3289e18a4",45,45
"5b92cd17-ea6d-4153-9198-95b9b639b77a",bc3d1227-f7b7-43bd-be5c-36e0694fca75,"229 (УЛК-16)","229 (УЛК-16)","403564e3-f242-4a49-aeb5-e6d3289e18a4",16,16
d9ec8005-f233-4cc0-a0dd-1746336479b2,bc3d1227-f7b7-43bd-be5c-36e0694fca75,"230 (УЛК-16)","230 (УЛК-16)",e3373698-1753-4f11-8eaf-87235c873289,0,0
c7960fb1-acb8-4577-b88e-262c4d989ec4,bc3d1227-f7b7-43bd-be5c-36e0694fca75,"301 (УЛК-16)","301 (УЛК-16)",dc6f1e93-3e6e-4087-be33-ab94f32ef968,28,10
a9f760aa-ca22-4104-9cd6-3f5df758ab5e,bc3d1227-f7b7-43bd-be5c-36e0694fca75,"302 (УЛК-16)","302 (УЛК-16)","5ffba766-5594-40bc-81e6-e59035c1d555",68,68
"5d9cbfbd-ca16-4fa6-a5a1-376449e99fb3",bc3d1227-f7b7-43bd-be5c-36e0694fca75,"306 (УЛК-16)","306 (УЛК-16)","5ffba766-5594-40bc-81e6-e59035c1d555",12,12
e3a687f2-ab5c-421a-b0fb-dd9c82883def,bc3d1227-f7b7-43bd-be5c-36e0694fca75,"307 (УЛК-16)","307 (УЛК-16)","403564e3-f242-4a49-aeb5-e6d3289e18a4",18,18
ff36e683-b1ac-4031-8f9b-66903a50615b,bc3d1227-f7b7-43bd-be5c-36e0694fca75,"309 (УЛК-16)","309 (УЛК-16)",dc6f1e93-3e6e-4087-be33-ab94f32ef968,11,27
"7e893665-9f96-42f1-9b4a-c19548695da6",bc3d1227-f7b7-43bd-be5c-36e0694fca75,"310 (УЛК-16)","310 (УЛК-16)","5ffba766-5594-40bc-81e6-e59035c1d555",48,48
"0c7af942-8d58-4f20-acf5-e27bf8073229",bc3d1227-f7b7-43bd-be5c-36e0694fca75,"311 (УЛК-16)","311 (УЛК-16)","5ffba766-5594-40bc-81e6-e59035c1d555",40,40
dc3933f8-b80e-4ff7-a9c1-ee3c9b1dce40,bc3d1227-f7b7-43bd-be5c-36e0694fca75,"313 (УЛК-16)","313 (УЛК-16)","403564e3-f242-4a49-aeb5-e6d3289e18a4",24,24
"4ecc9baa-6be2-4c15-a03a-546e746cfb0f",bc3d1227-f7b7-43bd-be5c-36e0694fca75,"314 (УЛК-16)","314 (УЛК-16)","5ffba766-5594-40bc-81e6-e59035c1d555",48,48
"4372bc7c-e3c0-4511-b9b4-498d42512747",bc3d1227-f7b7-43bd-be5c-36e0694fca75,"315 (УЛК-16)","315 (УЛК-16)","5ffba766-5594-40bc-81e6-e59035c1d555",48,48
"536e23e9-e1c0-4f77-a365-51c0b67aeb47",bc3d1227-f7b7-43bd-be5c-36e0694fca75,"316 (УЛК-16)","316 (УЛК-16)","403564e3-f242-4a49-aeb5-e6d3289e18a4",34,34
"7cf43120-fe9f-471f-91da-2662222609eb",bc3d1227-f7b7-43bd-be5c-36e0694fca75,"319 (УЛК-16)","319 (УЛК-16)","5ffba766-5594-40bc-81e6-e59035c1d555",56,56
f2b05a6f-e0c0-4487-a9b5-350ec5ba67fb,bc3d1227-f7b7-43bd-be5c-36e0694fca75,"321 (УЛК-16)","321 (УЛК-16)","403564e3-f242-4a49-aeb5-e6d3289e18a4",48,48
"26a60b51-1dfa-46d9-9189-ddebba4edc7b",bc3d1227-f7b7-43bd-be5c-36e0694fca75,"322 (УЛК-16)","322 (УЛК-16)",af4e7b95-0af5-4c94-88f6-0e27045297aa,0,0
e804bb6c-d9d3-46c3-9b3f-2676e26b16ea,bc3d1227-f7b7-43bd-be5c-36e0694fca75,"403 (УЛК-16)","403 (УЛК-16)","5943ff87-02c7-41c2-bf93-910fe4e660fd",3,3
e17b77cf-c3cc-485f-b05f-cc3194caa915,bc3d1227-f7b7-43bd-be5c-36e0694fca75,"404 (УЛК-16)","404 (УЛК-16)","5ffba766-5594-40bc-81e6-e59035c1d555",8,14
"3913081e-8fcd-447c-924c-d9827f7efb13",bc3d1227-f7b7-43bd-be5c-36e0694fca75,"406 (УЛК-16)","406 (УЛК-16)","5943ff87-02c7-41c2-bf93-910fe4e660fd",3,3
f7e3c952-f2de-450d-b447-d72de1e26159,bc3d1227-f7b7-43bd-be5c-36e0694fca75,Актовый зал (УЛК-16),Актовый зал (УЛК-16),e1a31a31-df93-49ea-8368-4c15c29a230d,235,235
c0625e41-9c06-455d-8b2e-ba58c027e098,d0e66790-421b-41b0-897c-c773f11f45a5,"103 (УЛК-19)","103 (УЛК-19)","5ccb9e59-5ed5-476a-893e-c21f82be276e",3,3
"98466bc2-4d5b-4f86-9333-bfd96f98b8eb",d0e66790-421b-41b0-897c-c773f11f45a5,"203 (УЛК-19)","203 (УЛК-19)","403564e3-f242-4a49-aeb5-e6d3289e18a4",18,18
c142136d-2bca-4bb5-903e-6f32385260bb,d0e66790-421b-41b0-897c-c773f11f45a5,"204 (УЛК-19)","204 (УЛК-19)","403564e3-f242-4a49-aeb5-e6d3289e18a4",20,20
"99f1f48d-ce2d-4e7d-951a-97e6d741bea4",d0e66790-421b-41b0-897c-c773f11f45a5,"205 (УЛК-19)","205 (УЛК-19)","403564e3-f242-4a49-aeb5-e6d3289e18a4",0,0
a6c958e8-141f-4923-bbc6-328dfb1b3c73,d0e66790-421b-41b0-897c-c773f11f45a5,"206 (УЛК-19)","206 (УЛК-19)","403564e3-f242-4a49-aeb5-e6d3289e18a4",8,8
"50875a2c-64b5-4fd9-8b1f-307fa72bf066",d0e66790-421b-41b0-897c-c773f11f45a5,"207 (УЛК-19)","207 (УЛК-19)","403564e3-f242-4a49-aeb5-e6d3289e18a4",20,20
"35c6e172-ab91-44a9-bd79-72f9970547df",d0e66790-421b-41b0-897c-c773f11f45a5,"208 (УЛК-19)","208 (УЛК-19)","403564e3-f242-4a49-aeb5-e6d3289e18a4",20,20
d7e0a9f3-f331-44da-9ec7-ec785936627c,d0e66790-421b-41b0-897c-c773f11f45a5,"209 (УЛК-19)","209 (УЛК-19)","403564e3-f242-4a49-aeb5-e6d3289e18a4",6,6
"0b8c60b6-a260-47a1-aa6c-1e9758779ef9",d0e66790-421b-41b0-897c-c773f11f45a5,"210 (УЛК-19)","210 (УЛК-19)","403564e3-f242-4a49-aeb5-e6d3289e18a4",6,6
"32b88eb1-1e3a-4f8e-bf9a-6e60fa75c9eb",d0e66790-421b-41b0-897c-c773f11f45a5,"211 (УЛК-19)","211 (УЛК-19)","403564e3-f242-4a49-aeb5-e6d3289e18a4",20,20
"3d2c7b46-74ef-4329-8726-8daa736cbdc6",d0e66790-421b-41b0-897c-c773f11f45a5,"212 (УЛК-19)","212 (УЛК-19)","403564e3-f242-4a49-aeb5-e6d3289e18a4",4,4
b6c10fec-eef0-438d-bfbb-cfbe5db5379d,d0e66790-421b-41b0-897c-c773f11f45a5,"213 (УЛК-19)","213 (УЛК-19)","403564e3-f242-4a49-aeb5-e6d3289e18a4",20,20
df4c4294-2ef6-4037-9712-850a88c4ec54,d0e66790-421b-41b0-897c-c773f11f45a5,"214 (УЛК-19)","214 (УЛК-19)","403564e3-f242-4a49-aeb5-e6d3289e18a4",8,8
"8e9f0668-2b0a-43ba-983b-b503203c646a",d0e66790-421b-41b0-897c-c773f11f45a5,"215 (УЛК-19)","215 (УЛК-19)","403564e3-f242-4a49-aeb5-e6d3289e18a4",8,8
"91af9343-f62a-405e-8f3d-da1887371770",d0e66790-421b-41b0-897c-c773f11f45a5,"216 (УЛК-19)","216 (УЛК-19)","403564e3-f242-4a49-aeb5-e6d3289e18a4",20,20
dc6b2cfd-c310-4e43-b410-3ae00c342832,d0e66790-421b-41b0-897c-c773f11f45a5,"303/305 (УЛК-19)","303/305 (УЛК-19)","5ffba766-5594-40bc-81e6-e59035c1d555",60,60
cdb3ad34-5b74-438c-acdd-12e29fe8d21a,d0e66790-421b-41b0-897c-c773f11f45a5,"304 (УЛК-19)","304 (УЛК-19)",dc6f1e93-3e6e-4087-be33-ab94f32ef968,20,20
a7663307-378c-4c5a-85ca-5df31fc04505,d0e66790-421b-41b0-897c-c773f11f45a5,"306 (УЛК-19)","306 (УЛК-19)","403564e3-f242-4a49-aeb5-e6d3289e18a4",6,6
"025e9c8d-c4c1-4011-81c1-383477e153c1",d0e66790-421b-41b0-897c-c773f11f45a5,"307 (УЛК-19)","307 (УЛК-19)","5ffba766-5594-40bc-81e6-e59035c1d555",20,20
"100d9324-15f0-4845-bc5b-ed8d0300fc77",d0e66790-421b-41b0-897c-c773f11f45a5,"308 (УЛК-19)","308 (УЛК-19)","403564e3-f242-4a49-aeb5-e6d3289e18a4",8,8
ac7d9d21-5215-49e7-befb-b0ce32712450,d0e66790-421b-41b0-897c-c773f11f45a5,"309 (УЛК-19)","309 (УЛК-19)","403564e3-f242-4a49-aeb5-e6d3289e18a4",6,6
ea1355a7-8dfd-4eb4-9622-32fe7b19700d,d0e66790-421b-41b0-897c-c773f11f45a5,"310 (УЛК-19)","310 (УЛК-19)","5ffba766-5594-40bc-81e6-e59035c1d555",20,20
"82f21a83-89c5-4ce6-a277-14ae3dd12ecd",d0e66790-421b-41b0-897c-c773f11f45a5,"312 (УЛК-19)","312 (УЛК-19)","5ffba766-5594-40bc-81e6-e59035c1d555",60,60
"5aa184e5-0e52-4afb-9a31-7b6b5807ae5b",d0e66790-421b-41b0-897c-c773f11f45a5,"402 (УЛК-19)","402 (УЛК-19)",dc6f1e93-3e6e-4087-be33-ab94f32ef968,20,20
"1bf7559f-f5d0-4f81-9bd0-a5fa9e889b0e",d0e66790-421b-41b0-897c-c773f11f45a5,"405 (УЛК-19)","405 (УЛК-19)","403564e3-f242-4a49-aeb5-e6d3289e18a4",4,4
"807e57eb-6a01-46cd-a493-0354e7029dd6",d0e66790-421b-41b0-897c-c773f11f45a5,"406 (УЛК-19)","406 (УЛК-19)","403564e3-f242-4a49-aeb5-e6d3289e18a4",8,8
a037e61a-f250-43c3-8275-271e39de58cd,d0e66790-421b-41b0-897c-c773f11f45a5,"407 (УЛК-19)","407 (УЛК-19)","5ffba766-5594-40bc-81e6-e59035c1d555",15,15
e8cb6afc-1e37-49d6-aa53-5469a319663a,d0e66790-421b-41b0-897c-c773f11f45a5,"408 (УЛК-19)","408 (УЛК-19)","5ffba766-5594-40bc-81e6-e59035c1d555",20,20
"4261074e-8eda-4266-ae38-fa82f96aefff",d0e66790-421b-41b0-897c-c773f11f45a5,"409 (УЛК-19)","409 (УЛК-19)","403564e3-f242-4a49-aeb5-e6d3289e18a4",4,4
"75741601-46b5-4aaa-b441-a7461b3e02c8",d0e66790-421b-41b0-897c-c773f11f45a5,"410 (УЛК-19)","410 (УЛК-19)","403564e3-f242-4a49-aeb5-e6d3289e18a4",6,6
"0f0ec67e-5d67-4a89-bfc3-09d2c13b57dc",d0e66790-421b-41b0-897c-c773f11f45a5,"501 (УЛК-19)","501 (УЛК-19)","5ffba766-5594-40bc-81e6-e59035c1d555",160,160
cc095c4c-8a54-44cc-a054-ed845bbea4d4,f489e393-2291-4b82-bf03-e2600dab2778,Методический кабинет (УЛК-09),Методический кабинет (УЛК-09),"403564e3-f242-4a49-aeb5-e6d3289e18a4",9,9
cb5eb526-96e2-4836-995f-b781bd9ec9b1,f489e393-2291-4b82-bf03-e2600dab2778,СОК (УЛК-09),СОК (УЛК-09),"92390c64-3f72-41c5-ba1a-8083ca0225f2",100,100
"1081fc45-45f2-4e94-9a50-e33501649d1d",r6d35e08-c3f1-11e9-aa8c-2a2ae2dbcce4,Р2 (УЛК-10/Р18),Р2 (УЛК-10/Р18),"403564e3-f242-4a49-aeb5-e6d3289e18a4",20,20
